{"type": "Feature", "properties": {"name": "India", "ISO3166-1-Alpha-3": "IND", "ISO3166-1-Alpha-2": "IN", "description": "Accurate Survey of India boundary including J&K, Ladakh, Arunachal Pradesh, islands, and offshore energy facilities"}, "geometry": {"type": "MultiPolygon", "coordinates": [[[[68.17222137976364, 23.565748922668273], [68.14805735984352, 23.603551276711407], [68.14702785695403, 23.632164099445113], [68.15262318533266, 23.645972453783266], [68.1793288839438, 23.678611522931636], [68.15673984207628, 23.71333380298746], [68.15301647981713, 23.73643065352109], [68.17613021011779, 23.781728126151393], [68.16933554374108, 23.81270281627872], [68.17673247391703, 23.87456668953445], [68.18494887521233, 23.892057847242018], [68.19689040988654, 23.901963732747102], [68.23731413354331, 23.918873508800818], [68.24552467580955, 23.939438608335436], [68.26344337239887, 23.955044636472465], [68.28166878679181, 23.960378428737506], [68.30620714064437, 23.95749392612969], [68.31558743557466, 23.98612223485323], [68.33352097577011, 24.00627224575329], [68.35152253680678, 24.014396680976738], [68.384273916131, 24.007239311390865], [68.50211311875077, 24.00722030571165], [68.52145362165766, 23.99955460107798], [68.544990855759, 24.007283129630665], [68.71472379295965, 24.00735493485007], [68.72931511337512, 24.268632003243933], [68.72263365552534, 24.283392337104324], [68.7230558899617, 24.302493433850678], [68.73803727685787, 24.324350935543208], [68.79576133554589, 24.35154765637871], [68.82797333444321, 24.35682691575015], [68.84665064869303, 24.35196840939731], [68.8608792502383, 24.33893023277505], [68.87596947139427, 24.3042589913387], [68.92750714336822, 24.338924382961622], [68.9426857284883, 24.342117579366015], [68.95793787241564, 24.339296576859105], [68.9709701679446, 24.3308855589201], [68.99951772091039, 24.297626868160958], [69.01104290168867, 24.27246622229174], [69.08643661551174, 24.311943692806707], [69.10494040765157, 24.310188272547084], [69.19224582149059, 24.280375304537756], [69.3026272031158, 24.32025274369841], [69.37534333893849, 24.310837043387473], [69.44598604656565, 24.31990840406057], [69.48575609201113, 24.309115482671075], [69.59063682655722, 24.331230443498185], [69.61849600251881, 24.322509207946617], [69.74524659292479, 24.21173800026836], [70.00935905535314, 24.209961652912426], [70.0334786900805, 24.224113022610315], [70.0745727050434, 24.31448701865498], [70.09458035236479, 24.331779684721496], [70.1616513161738, 24.344966568591538], [70.21164067518126, 24.361358342429572], [70.23648330221144, 24.363865861166566], [70.29677002051818, 24.38744832018253], [70.3614498328735, 24.39292854352913], [70.41128647343928, 24.417641222859764], [70.56631475474731, 24.46102419174653], [70.58477375345416, 24.460089890049], [70.61814993108982, 24.443904769196614], [70.63648467265796, 24.42470223717805], [70.63761187894657, 24.39455872053658], [70.60778519035749, 24.337668285750468], [70.62194464304571, 24.276871557848285], [70.65464576685453, 24.263707304154476], [70.71155228051721, 24.257110025059536], [70.81890707777534, 24.26757236566472], [70.83645328442884, 24.27999769427236], [70.83504994955639, 24.3063442111724], [70.85029702643408, 24.329493965597933], [70.93219996226789, 24.388794860320097], [70.97758563590492, 24.405354240011306], [70.99657503157351, 24.4057087283074], [70.96936895623844, 24.41973325053932], [70.9580740533814, 24.440440304974828], [70.96372029715296, 24.51510694303465], [70.94881249186163, 24.54066325236116], [70.95236276175133, 24.57172048524991], [70.94905753407028, 24.596418865871684], [70.95486602433313, 24.623340432860196], [70.98232610725037, 24.66488338480922], [71.03492594798408, 24.690158430653458], [70.97933772518826, 24.807860001721792], [70.89965565743705, 24.9252671615554], [70.8773385605894, 24.993465878996396], [70.84889081959204, 25.13079656998678], [70.72757546117829, 25.24623912348314], [70.71361244707228, 25.26653608664611], [70.70037774178978, 25.307228015097362], [70.62838975103548, 25.382248280670584], [70.62557848470796, 25.401954174032603], [70.63711360039326, 25.50663126007059], [70.6278465272842, 25.529823740854518], [70.63280353994942, 25.662036540784015], [70.62731621311832, 25.67529855802641], [70.6158666431163, 25.67537869519474], [70.53342423288245, 25.646268375086702], [70.45491807822002, 25.643070908988893], [70.38961120008321, 25.633573692400347], [70.26087511029576, 25.672254865490387], [70.23065592402244, 25.69577268971987], [70.20468899533267, 25.75086298549985], [70.17007604961468, 25.783724673606137], [70.13726493405757, 25.805855690434587], [70.06249711153744, 25.919724856992584], [70.04671162348902, 26.09272058903375], [70.05425970768333, 26.111648960048292], [70.11192874656577, 26.189590290137247], [70.13299398555755, 26.246424189260257], [70.12575449754092, 26.302942938646723], [70.14356000722891, 26.3777821341546], [70.13770377415422, 26.425240398630375], [70.14302940703077, 26.48319859987766], [70.13635293451134, 26.52774535620871], [70.10183927361128, 26.550963872902138], [70.06208461193884, 26.559712631840696], [69.87919489354043, 26.540562029381203], [69.79190333556076, 26.559650173225997], [69.69179695304783, 26.62658968642554], [69.49601563735862, 26.706583743347625], [69.46999274759638, 26.734709622642317], [69.44437898880327, 26.80904888171409], [69.45938086227267, 26.878636904078036], [69.47503163258686, 27.0178338190742], [69.5494693515398, 27.19325954664758], [69.56238961661775, 27.212177556541665], [69.6161804885026, 27.25348344042956], [69.67977830156255, 27.316195656553734], [69.73871454204746, 27.355897722909962], [69.76689758329374, 27.382598957300605], [69.84450431061305, 27.438896257995278], [69.91276707704407, 27.53103823571177], [69.95273043707888, 27.563447992549474], [69.99379162624426, 27.58925238937291], [70.03861377824205, 27.680730869536365], [70.10366461010607, 27.83227254162628], [70.1989380026864, 27.928827018400806], [70.28567237780126, 27.98080942661167], [70.34623145612866, 28.04051564577346], [70.36166101800065, 28.049977406588052], [70.43425129535079, 28.060825545129706], [70.49824917984711, 28.076553500318003], [70.55668946852653, 28.06832101047906], [70.61190134910287, 28.044598622007477], [70.7117402826198, 27.943800207767914], [70.72614356814188, 27.84227210592599], [70.77423361264276, 27.770656529772417], [70.78518335363377, 27.762113231161578], [70.82330053801667, 27.75402876072235], [70.88255251296604, 27.748404492393277], [70.89511413227498, 27.749587707801208], [71.01847520691584, 27.803790857221433], [71.15863386251331, 27.85794857402664], [71.26125506971186, 27.88852594494448], [71.40622327660489, 27.91331232811895], [71.6516066463491, 27.9155058507865], [71.8641907383595, 27.99320443732793], [71.87526718977182, 28.06426722399639], [71.9012645401089, 28.154124890359938], [71.97264759024692, 28.244132229566766], [72.10209730886987, 28.33889108945314], [72.17014782216307, 28.4114494456558], [72.26578911818211, 28.690175717318404], [72.35927407331873, 28.795714647772634], [72.38995465001078, 28.818895809726197], [72.4357286889646, 28.83489503051049], [72.50609611070954, 28.868624645150355], [72.69708322513911, 28.973937495618777], [72.91772811599272, 29.061668514179555], [72.9642491197042, 29.162835664075317], [73.0629992928429, 29.275496414678567], [73.16351473619464, 29.451267886251077], [73.24208518474826, 29.576645161619425], [73.36880065612881, 29.96607649147719], [73.38383322235347, 29.97740242400253], [73.46777874172369, 30.013707594549697], [73.60678572279896, 30.062391377826604], [73.77868806627775, 30.104991298933186], [73.88065086902412, 30.182748940488626], [73.93344291813953, 30.21367675630289], [73.928851959597, 30.250368613438717], [73.91065102302876, 30.28255865471705], [73.88204848350995, 30.31888927280721], [73.85405037741532, 30.337794500762964], [73.84549368883248, 30.359859612338553], [73.84756561197017, 30.37563444472011], [73.85562285864795, 30.389353736907676], [73.89544186233212, 30.419955891248268], [73.89081657933968, 30.443077257232307], [73.89792992531937, 30.462013545715987], [73.89537058746957, 30.493031483165897], [73.90197414471092, 30.511637668464644], [73.9260204628771, 30.528787252685895], [73.95304583867534, 30.529775141692127], [73.99568108998773, 30.568187199740986], [74.02318025446901, 30.571624418425962], [74.04674498216848, 30.580866479317823], [74.06430542879181, 30.596662747488967], [74.06197062777257, 30.6197436841586], [74.07172682859036, 30.64092910163426], [74.11190837301953, 30.669791772816215], [74.13625993929456, 30.672951981949456], [74.17600947666564, 30.702562125748912], [74.18612040971114, 30.71387554247751], [74.2016603606216, 30.748027571128045], [74.22480716874257, 30.76229570454716], [74.2240051273095, 30.77774694438546], [74.231257233709, 30.795593622955916], [74.25963469473108, 30.815137193790935], [74.28385641155879, 30.84403516974394], [74.3001139706261, 30.877965246538167], [74.32572203859641, 30.889644965676023], [74.34561117473979, 30.92474516598596], [74.37520617649689, 30.93816149625645], [74.39874720400094, 30.972067240863993], [74.42348332663543, 30.986593744680043], [74.44012063242873, 31.00456084738647], [74.50409637390686, 31.01907383720175], [74.51339703587567, 31.048859050735206], [74.52658406857893, 31.06536745895551], [74.51823835430532, 31.08899003688588], [74.48714123496126, 31.11261282941021], [74.47725528222671, 31.132825179692553], [74.47372853465438, 31.1874564987064], [74.48532197649888, 31.21762732689887], [74.48393796982899, 31.237735200853724], [74.48906092669371, 31.2525844725762], [74.48367137407705, 31.277219720453157], [74.49245696077958, 31.29902847634359], [74.49096725604103, 31.32323740069491], [74.50913345677024, 31.35556042779592], [74.52147397626558, 31.39082173085809], [74.55187396606965, 31.410666436613386], [74.56909760294961, 31.444709054565585], [74.58382348871872, 31.458045178204266], [74.55424179404632, 31.470913380537308], [74.53988454031766, 31.494366869485333], [74.53991790445414, 31.51030045467327], [74.54799103293259, 31.533686310267523], [74.56253420129774, 31.553378364940485], [74.54615467207638, 31.573317665919177], [74.52563152868056, 31.587834658680794], [74.49410302824994, 31.660110373385155], [74.45392687565993, 31.698581109023372], [74.44608649686862, 31.724440019409503], [74.45397152281632, 31.746348177513894], [74.48171305376519, 31.77208836893062], [74.49526710152544, 31.780185538814933], [74.51801044354292, 31.784675176799105], [74.53285531436086, 31.84605740008552], [74.54171613095323, 31.858545641028854], [74.55869098999979, 31.870268033146303], [74.5810863150458, 31.911325855279987], [74.60033721560895, 31.924987780945145], [74.622929678625, 31.92629578252447], [74.6603735613291, 31.957700304053745], [74.69213473098164, 31.96425163762064], [74.74861744360818, 31.9917143370672], [74.77424176019922, 31.990670628362643], [74.79257200559572, 31.997440831193412], [74.79951827556071, 32.02154186305441], [74.83833231796129, 32.05826444275735], [74.84902824868365, 32.07557585924401], [74.91493691002579, 32.10412202806451], [74.950199120971, 32.105694759127005], [75.01135387265701, 32.08411365858614], [75.04071145408454, 32.09009957096106], [75.06443684036755, 32.102388362023476], [75.08560067279933, 32.101204581536386], [75.12306593595324, 32.12287390527863], [75.16961834316685, 32.12215887708223], [75.17894596662167, 32.14253207507209], [75.1977408576315, 32.155404459648516], [75.22605897630267, 32.15607314435935], [75.24330373516015, 32.148604114139765], [75.25289475966561, 32.169069529930255], [75.27135708355524, 32.181698522540714], [75.28204371346429, 32.22016718117775], [75.30075435719743, 32.24365799956695], [75.3173638504869, 32.25370910739587], [75.29402705214805, 32.27523453615239], [75.28766703822652, 32.301922923389846], [75.25947109170595, 32.32482329505985], [75.23899321454796, 32.33009314273299], [75.20887783116935, 32.35227539646325], [75.1815036220044, 32.35549843231164], [75.16182363870777, 32.37229710615958], [75.13453320720028, 32.36276075188328], [75.10913137626198, 32.37019564886054], [75.09672153276395, 32.38469203845605], [75.08477088129011, 32.42461863729455], [75.0606629145071, 32.434902768639795], [75.04561482986304, 32.43699859844726], [75.02639159536267, 32.418812293032566], [75.0015472818752, 32.408663757628865], [74.97447385867552, 32.408546860011185], [74.94911634760781, 32.40054638643267], [74.93078118589185, 32.405690398803586], [74.9167428287652, 32.418975085390834], [74.88142871391892, 32.42403407429503], [74.85194745818134, 32.44201115623964], [74.8348969826411, 32.443722548707655], [74.79645493650789, 32.42903357591694], [74.76980740919869, 32.43337486183191], [74.71554971939355, 32.4305951953101], [74.6650652092267, 32.44740389708478], [74.645091929677, 32.4689368607289], [74.63975933498038, 32.50352263294659], [74.62484761284456, 32.52275163607524], [74.59589176128254, 32.59327611924076], [74.59982558441419, 32.62529973737908], [74.62467579680913, 32.658692268578044], [74.61149100685512, 32.68894222850875], [74.612623594072, 32.71134727939299], [74.60937048944243, 32.71290753242372], [74.58233249319328, 32.705609908672], [74.56170244853458, 32.70755190691508], [74.50387287199014, 32.69908726245118], [74.48588145012215, 32.70631891663077], [74.472352250829, 32.72361681914224], [74.45488852257832, 32.73366944658795], [74.42788931957831, 32.740673158977124], [74.39448303195182, 32.71946058270502], [74.35819493997543, 32.72104427084775], [74.30732509978871, 32.74401484068653], [74.27922326261002, 32.766100980174116], [74.26500564405328, 32.790189400035594], [74.19565516545579, 32.81167954385402], [74.17732887458821, 32.83447936657984], [74.15740578381056, 32.846654283744726], [74.04719997915332, 32.87140556985873], [74.02219306901347, 32.890313000636745], [73.96837053795439, 32.901033246679496], [73.95650526939035, 32.91141438435525], [73.94831681337189, 32.9347253114054], [73.93640074794935, 32.945418797699304], [73.91707680324842, 32.94686073232327], [73.88512237813822, 32.963109247255055], [73.85129051868037, 32.96568465664876], [73.8369977247213, 32.94462709715753], [73.82394308281542, 32.93570438864846], [73.79092601942175, 32.92598957648361], [73.76887814460153, 32.92980495476952], [73.74557784147103, 32.953875515191946], [73.74026410016565, 32.96818992546799], [73.74168137199116, 32.9870125754814], [73.71161632196863, 33.015014612788214], [73.70203395994155, 33.03802044948428], [73.68140866437626, 33.04763959898211], [73.64877035126239, 33.04538939078346], [73.6165809841509, 33.05154414002875], [73.59713054361868, 33.06434367121171], [73.58810349084372, 33.08580666153456], [73.58642416980582, 33.1451481637575], [73.59326638938202, 33.162895684371456], [73.61066447553051, 33.17979899286318], [73.5975445572402, 33.19068430693375], [73.58838971669881, 33.214616910526175], [73.5693897712708, 33.23477541557392], [73.55802872143046, 33.280908279211474], [73.54710403722243, 33.30556165066819], [73.5294945433751, 33.32577950902616], [73.51857843979958, 33.36662891786618], [73.52731051365889, 33.40798998972518], [73.54273098464616, 33.4307669409755], [73.55158480811687, 33.46026370807044], [73.56162087525078, 33.473621334513176], [73.55715856326117, 33.507415942977914], [73.57918293836225, 33.54838425903943], [73.5798391216242, 33.55814237295858], [73.56052435439184, 33.57701153099442], [73.53587984799277, 33.588813975787396], [73.52159014581292, 33.61730041807257], [73.52674101850445, 33.642671204136214], [73.5218830421031, 33.66461992721981], [73.52500040853768, 33.687863402962286], [73.53490594287936, 33.70420494085894], [73.55612994232222, 33.72189802971926], [73.55488692910816, 33.7293313520462], [73.53366582155682, 33.74610389612269], [73.51852951889221, 33.780159797724075], [73.53490073872189, 33.85846590127115], [73.54819222671632, 33.88061917976207], [73.51550162780833, 33.910618317099654], [73.47882648477659, 33.987051330348734], [73.469452422809, 34.04919038148897], [73.45856578025482, 34.07520740949539], [73.4582179821408, 34.09983292105618], [73.44937880366062, 34.139376493316234], [73.4503685159222, 34.20576636689726], [73.430486171247, 34.2458663616552], [73.41720881833515, 34.26219295367632], [73.41375274335019, 34.28363290672453], [73.40390455776192, 34.30494200278612], [73.36627265325968, 34.339360846048336], [73.35309057659653, 34.36537289923304], [73.3520543871363, 34.38480001603887], [73.36030583873583, 34.40241819138383], [73.37668053522727, 34.41470314248566], [73.38159452656444, 34.4286162787757], [73.38313255681824, 34.47905989174876], [73.39365005265785, 34.5045486456492], [73.39061457743315, 34.52875181528988], [73.4019844265611, 34.551584495969415], [73.40624265009683, 34.58144527594958], [73.41947880768564, 34.60252900460103], [73.45564223154592, 34.618067815558526], [73.47614078897504, 34.61553792131973], [73.50287073164077, 34.62049914696751], [73.5210557274695, 34.61657724657569], [73.5509999382806, 34.6329387820437], [73.62329029454371, 34.62580632915303], [73.63475634508933, 34.642447269367004], [73.62353177422537, 34.670353212368845], [73.6321317680841, 34.70343001505065], [73.64934453467632, 34.72130114974731], [73.66229239483602, 34.743970506463754], [73.6767592189231, 34.75434594286552], [73.70037819262528, 34.79670135177367], [73.72435022546918, 34.81777536240097], [73.76644955326219, 34.836196605334685], [73.8079971577244, 34.8362261565827], [73.83961457952465, 34.85641478536235], [73.90703835906473, 34.861399702590894], [73.93443436972512, 34.873590542644756], [73.94343007618313, 34.89068809969772], [73.95510534398822, 34.90039388717452], [73.99904762906425, 34.91171286437141], [74.00883295636247, 34.94111847570509], [74.02511954819339, 34.957133113456024], [74.02123291224581, 35.00113642330933], [74.03466964018267, 35.02412527065333], [74.02777796792408, 35.03797607067392], [74.0273155337612, 35.057220802113825], [74.05472091985251, 35.109601222321366], [74.02546424279016, 35.10985624297283], [73.98025267716592, 35.13840472712373], [73.9610743925868, 35.134466558465014], [73.94579604330548, 35.13673840606177], [73.93251761968935, 35.14462971232471], [73.90677746239308, 35.17191423904615], [73.85409113271741, 35.17237333784877], [73.824561751301, 35.195138747105844], [73.80371907855444, 35.202752386513176], [73.79036235488539, 35.203299276063476], [73.7745655825666, 35.191956410384385], [73.7353572866431, 35.17746586806046], [73.71939928816832, 35.17924676207808], [73.69339801234412, 35.19325204461931], [73.67706158091853, 35.21863583855356], [73.68475393071081, 35.27094184303752], [73.66125770491482, 35.31278278187178], [73.66119368694336, 35.36606197564694], [73.67616011471965, 35.40567310905319], [73.70566918422999, 35.450184574464856], [73.73128827667541, 35.47444182628807], [73.75090738627148, 35.48415547402221], [73.74960697081417, 35.492481878206334], [73.71937361626712, 35.499849325735575], [73.7030042488182, 35.51259615561279], [73.66360183176769, 35.51226736386403], [73.6333245548473, 35.52729968056719], [73.57185643073737, 35.51483161064361], [73.54779411253716, 35.51695831658469], [73.5252213802982, 35.52859515117292], [73.49659805615553, 35.5267057715845], [73.47611729187368, 35.53566189027007], [73.39812634838475, 35.52496974513803], [73.38067792679094, 35.53374319558938], [73.3473241422932, 35.56857942791728], [73.30097248112224, 35.577757194931294], [73.25555249266795, 35.59363534512163], [73.1951572422425, 35.640185205092386], [73.16636536288964, 35.652616254974504], [73.10302278685649, 35.69691843787087], [73.09287282743689, 35.74057376446617], [73.09623382979026, 35.80009701763665], [73.10341150312615, 35.82116290367339], [73.08591159485589, 35.8371304533738], [73.04496119506418, 35.815353510816756], [72.99637007719278, 35.81950897456884], [72.96463885860479, 35.8083020894292], [72.92854438082871, 35.805549651932175], [72.8852406436441, 35.818661390273824], [72.86767328216312, 35.83843452030847], [72.84464553747762, 35.839870852195055], [72.78991322264957, 35.80606817309725], [72.77081842178218, 35.80455115890976], [72.74092672680706, 35.81486811463162], [72.70707312366315, 35.79618661803476], [72.68758477205891, 35.79303544096792], [72.64165495047283, 35.81385888271183], [72.62564517716037, 35.82826499197553], [72.58005415198426, 35.83736880353707], [72.54729062893836, 35.87202919309734], [72.51900119208007, 35.88024952959603], [72.50555576214444, 35.88904209372797], [72.49062337954396, 35.91970994435131], [72.49363861413312, 35.96680355964312], [72.51405690814194, 35.992020974390414], [72.52702930446993, 36.02406722712362], [72.50095624926803, 36.0483219754485], [72.49223816099553, 36.06504099865293], [72.49769788860971, 36.12382316131497], [72.51876063445482, 36.15828787648592], [72.5117900369823, 36.18561462537755], [72.52405096585443, 36.228907111286006], [72.54830900336694, 36.25298963662438], [72.56339859522869, 36.28641663641046], [72.57856313257116, 36.2985581133911], [72.62733427305675, 36.31537011910906], [72.64621173932348, 36.315336958096445], [72.66704853902286, 36.30656392122429], [72.70535980918893, 36.320572388704186], [72.73613876882683, 36.342473374250424], [72.75931949422055, 36.34719614705678], [72.78776005902455, 36.369313228595054], [72.80707387981977, 36.39411092617785], [72.84677226792017, 36.41240748317469], [72.83913112992781, 36.42663044279271], [72.8380943790931, 36.44525111887586], [72.84549853945016, 36.46445558822215], [72.85565906601155, 36.47547547460875], [72.91056790382702, 36.50120736797609], [72.93869980873941, 36.50038707951379], [72.95370610678908, 36.50640778813406], [72.95855826076766, 36.52899508241007], [72.96948499656988, 36.54486158788623], [73.0333614182181, 36.570293044532285], [73.0605900454979, 36.6100702903207], [73.05291341272732, 36.62630989945233], [73.05356561418716, 36.65707578533421], [73.04554034745465, 36.67561366671641], [73.04543255544995, 36.70074764839759], [73.05059610529052, 36.7194072263383], [73.06731330483392, 36.73539395198227], [73.09008522444138, 36.73945348825876], [73.11528956852376, 36.72769518254356], [73.18672082348682, 36.76175037336502], [73.20628463366214, 36.75810092632484], [73.2319284234051, 36.74293628118245], [73.25116856328887, 36.7490724404368], [73.30471882392439, 36.74689946197777], [73.32187749522788, 36.75460644302776], [73.33781229998459, 36.755483394802], [73.36132306298185, 36.77345902293293], [73.39599330456524, 36.772467628316505], [73.44059104490678, 36.785109080842275], [73.47256507545465, 36.77300522736833], [73.49706997924504, 36.77113610845777], [73.51775112577431, 36.7588537982655], [73.57567568367749, 36.754135563264626], [73.60967210672058, 36.759198424224365], [73.62649039860506, 36.75049984216889], [73.64098898588982, 36.733738153111915], [73.66048516099357, 36.73571057677318], [73.68913074175721, 36.72887781152632], [73.7021720093807, 36.7427952728172], [73.7210482726247, 36.74979961233716], [73.77695428498903, 36.7446670162009], [73.80636186924445, 36.756573971917106], [73.78246093470815, 36.775337049224], [73.76670447831201, 36.77701451619427], [73.73323953988165, 36.79389788254223], [73.71392810476331, 36.79570264129516], [73.69955209061267, 36.80272126515751], [73.6890762185587, 36.81481204546687], [73.68307107676074, 36.83424120663471], [73.65440353641817, 36.85607954806773], [73.64532562442578, 36.8683500029799], [73.64177268432923, 36.89078982236922], [73.65238488744875, 36.924820901086406], [73.66047933312626, 36.938767984892685], [73.673423281924, 36.94838543710453], [73.71380520540274, 36.95267249855515], [73.7473572648506, 36.939794669352736], [73.76860811793856, 36.944646189533415], [73.79823116261352, 36.935113724121294], [73.82372561152509, 36.93387997850787], [73.84849313229692, 36.939903796107004], [73.8900069973744, 36.93279160458756], [73.91651999075054, 36.91729138273555], [73.95641144110306, 36.909355872504456], [74.00536409419092, 36.86648230012409], [74.03404841189815, 36.86546161873413], [74.05254428155227, 36.85665734124882], [74.0792163857087, 36.8762519134988], [74.11132949671659, 36.875433875771186], [74.12271434722655, 36.90961022864475], [74.15220946182819, 36.938801087731974], [74.16800197985515, 36.94252670373193], [74.22076122041027, 36.93878779333745], [74.25054844700787, 36.92837019497836], [74.30220637565924, 36.95661059021422], [74.34625360796525, 36.99227319496663], [74.39290147559717, 37.00789632032807], [74.41536736286209, 37.02729595070008], [74.4693767732664, 37.032424908350364], [74.54286960428381, 37.02538036716598], [74.54328858363262, 37.054106287807706], [74.55961259786328, 37.076695410589465], [74.64517731432323, 37.095805892932205], [74.68911012197655, 37.11756012524894], [74.72406343426523, 37.11273453307692], [74.73792179412567, 37.105547982794725], [74.7479739525296, 37.09360416621869], [74.75752703566025, 37.06599716648245], [74.78116197424642, 37.06972074539176], [74.84881227314925, 37.06132992857463], [74.86296754557111, 37.055092071532556], [74.87724937875319, 37.037037890990035], [74.8832176569078, 37.00890568737379], [74.9206614483916, 36.968914053292586], [75.01288387281576, 37.01593953985125], [75.03269053475447, 37.0138596109723], [75.08036949244543, 36.995942082116706], [75.09502296385504, 36.98609282008449], [75.12958017291844, 37.001331333158994], [75.14154839767679, 37.01154422499892], [75.18049904325854, 37.064910192502744], [75.19999210919482, 37.0757875664438], [75.21778719952894, 37.07716734446625], [75.2626654631629, 37.091859195620174], [75.28299473141499, 37.08799198184927], [75.33420152645796, 37.095255811073926], [75.36087148278006, 37.08805843449195], [75.3734859019642, 37.07938255538187], [75.38320992815552, 37.062977095255945], [75.38780697331535, 37.00334860556777], [75.4135704781307, 37.00750692621091], [75.42833235459402, 37.00465602811069], [75.46048146240526, 36.97588939291342], [75.46673887859829, 36.94107677996652], [75.46320738442999, 36.92257314804304], [75.47962454616548, 36.90550450574793], [75.5006390954808, 36.84252923788593], [75.52825551689597, 36.82955151880748], [75.64089721005809, 36.793281296886484], [75.70498915760552, 36.722714566065726], [75.77741799549567, 36.61677310419079], [75.79016795402124, 36.60763395698987], [75.82308881956762, 36.59097736053985], [75.86516330751707, 36.58093828966727], [75.93914297843381, 36.53946889193909], [75.99932880913123, 36.524539424141544], [76.0, 37.15], [79.0, 37.15], [79.0, 35.915903504328824], [79.03239436422659, 35.88778744562879], [79.12397271822678, 35.87743891272025], [79.15395375457817, 35.90352828447996], [79.14812046786669, 35.92674667844883], [79.1543901287825, 35.965782200641016], [79.19656755471068, 36.01403636384897], [79.23744395736723, 36.02651178860628], [79.34047668750058, 36.02849868766269], [79.38611554545422, 36.034470186335426], [79.40932085109726, 36.02353548788538], [79.42182542528553, 36.00981617678981], [79.44261488780965, 35.934115141268286], [79.53052113897249, 35.92162505821188], [79.57466401827749, 35.89917127356713], [79.72675258058811, 35.85667217641282], [79.74642589471209, 35.84142052224255], [79.85942310265976, 35.82596915857161], [79.88766954271927, 35.85029757256302], [79.91803018120488, 35.865618727701694], [79.96829333610583, 35.8804813289747], [80.01446843955965, 35.874714785439835], [80.06896384903769, 35.82537401074372], [80.09156707078479, 35.7742791133019], [80.12105851979437, 35.74795615191161], [80.13709650646211, 35.71395872261447], [80.25237993273099, 35.678998721858456], [80.29555780861712, 35.65665684752638], [80.32090285285643, 35.63454279129693], [80.34978978393988, 35.5650529179393], [80.36713598241816, 35.4613173169176], [80.35228371115078, 35.437855064583054], [80.32192232192557, 35.42368140628748], [80.32197415078205, 35.37676148023347], [80.30805379406429, 35.32935204143557], [80.27404142489164, 35.26370237857102], [80.26328559063533, 35.20553134999525], [80.22098625888005, 35.149541246942896], [80.21827029047132, 35.13525072337726], [80.22573209374806, 35.05985278542988], [80.21334286826263, 34.991790541888776], [80.15701643744568, 34.87133093429607], [80.13794119129605, 34.842873810991584], [80.11156955603496, 34.8154629656458], [80.10744198106757, 34.789996142831235], [80.11250291974049, 34.741347736199515], [80.10812240727175, 34.70625844468036], [80.0998265386153, 34.689239044211924], [80.05687245753934, 34.6663491340544], [79.9536516897436, 34.642109682055235], [79.89700558339129, 34.650972609655], [79.87540065171, 34.64960628357561], [79.85693929421699, 34.635372806289304], [79.84616080516798, 34.61655455198462], [79.82963864660667, 34.6056484016577], [79.83286166730417, 34.5861397148911], [79.82669158231859, 34.568061832916825], [79.84273353464906, 34.55470603482025], [79.85310886180916, 34.533012131365865], [79.85344377107006, 34.49074858557998], [79.84128871718767, 34.47032150462934], [79.81046236947404, 34.44858438770682], [79.73312640807394, 34.43832880461389], [79.65607187278441, 34.440118370147175], [79.63563606182197, 34.44964132677122], [79.59490099645194, 34.45455371466668], [79.57637448468799, 34.44700244411209], [79.58982481918719, 34.43795966512686], [79.59839875258521, 34.42473940824788], [79.60120161717009, 34.40923355528911], [79.59612021903122, 34.38809926171127], [79.60190545087079, 34.36822965473036], [79.60058332184332, 34.342753059405595], [79.63104081704145, 34.291077132616536], [79.6244137681445, 34.23423093079823], [79.59585112477437, 34.19048018681719], [79.55952853035204, 34.17022935439342], [79.535366019995, 34.16590012228627], [79.53137137562686, 34.154817253038935], [79.53414348942962, 34.12899652823769], [79.52825613538604, 34.11404576041637], [79.48687648157812, 34.07128181429633], [79.46576522248486, 34.06139522980605], [79.47622342304834, 34.03998619062701], [79.47707188486758, 34.02049711249163], [79.46860175100029, 34.0029243811645], [79.44872454218131, 33.98412381354608], [79.41095799785158, 33.975002072048866], [79.38111075474622, 33.99007850497856], [79.34862466232931, 33.9974893246184], [79.30579710334982, 34.00275801426579], [79.27043760350092, 33.99960563166997], [79.2392403936022, 34.01128953343006], [79.19397178871695, 34.011451908136], [79.17891389396347, 34.0161520421486], [79.15827718335636, 33.9941518024055], [79.1211448854099, 33.98064306853654], [79.05061073873674, 33.99033496784077], [79.01785238638496, 34.007571786801705], [78.96848514878971, 33.99210898726121], [78.95787083615886, 33.973387497632515], [78.96695785417758, 33.95613164343319], [78.98435564014572, 33.938056584304576], [78.99879171394181, 33.88677985719827], [79.02696255213029, 33.83804096962065], [79.04170110045798, 33.831882311090155], [79.05327478833199, 33.819678662717436], [79.07859975745033, 33.81587200099085], [79.09493277012362, 33.80027828496209], [79.1084560142372, 33.75809644690817], [79.10612661832234, 33.742893349438745], [79.09580538869581, 33.727243310829586], [79.11337706886953, 33.720267322402435], [79.12666032946187, 33.705445808582795], [79.13065064305468, 33.664592512914254], [79.14688260594491, 33.62078630086039], [79.14535582976362, 33.60528881196475], [79.13802679379083, 33.59154878142301], [79.10763165598198, 33.574561197458515], [79.09249359373214, 33.574344415036734], [79.04979691627248, 33.58756705721532], [78.99395437621186, 33.57139147463951], [78.96383336086603, 33.57708714488346], [78.98263242086709, 33.51285455846913], [78.97176273812418, 33.46852281167193], [78.97301392287828, 33.441041692612615], [78.98485239345764, 33.42802966054893], [78.99027150675538, 33.40916908429034], [79.01521622974272, 33.375358038320755], [79.032641457626, 33.37262612969846], [79.10820803781999, 33.333977131926495], [79.15958520880848, 33.330658814388514], [79.24551576327632, 33.33750605182774], [79.3186919808844, 33.31432966695923], [79.37613848370958, 33.322184806546254], [79.46738257004573, 33.29787803069975], [79.4830342548367, 33.287290603680646], [79.49598968398448, 33.253314524872536], [79.48578958104177, 33.19753402137668], [79.42143318990856, 33.086960347845434], [79.43271999020753, 33.062123149257516], [79.43375971653329, 33.0367018856266], [79.43111566236759, 33.021874460498886], [79.42206080792796, 33.00797549157029], [79.44752542647005, 32.99258939402394], [79.49223654794916, 32.94844913698405], [79.51986363956927, 32.90709061014712], [79.54585503132093, 32.882447183128946], [79.59317202831261, 32.81987151636329], [79.62359507852217, 32.81139407929112], [79.64438085085764, 32.790940333809715], [79.66585732848291, 32.74659479283904], [79.66227637650559, 32.71887660863352], [79.54454127800842, 32.580361450680705], [79.50327308925624, 32.55082720854393], [79.49502539180182, 32.530936270393845], [79.47081617133593, 32.499573753494325], [79.42930138370794, 32.48751014970984], [79.3939873403115, 32.49179781261797], [79.3664383462707, 32.51444969519166], [79.35824744069906, 32.54281421892869], [79.34109201372344, 32.548957498372346], [79.32385459304183, 32.52230013270252], [79.29600722186805, 32.49928403877727], [79.27571726989545, 32.492540134707596], [79.2598620954835, 32.472490017933595], [79.21076587797775, 32.446178931163026], [79.18654386621, 32.442623415733806], [79.17919656620042, 32.403135374364986], [79.15783886546667, 32.38481490358677], [79.14935258973087, 32.36357644432302], [79.13889020389624, 32.352072440027044], [79.11710467107703, 32.34427455411946], [79.07065226401052, 32.3503020066889], [79.04474710905946, 32.34699007778017], [79.01202913192986, 32.308166996468806], [78.99012864425238, 32.29830612495678], [78.96013187199388, 32.30397008508701], [78.93790395148052, 32.32918276002553], [78.88063291391323, 32.36003118776332], [78.84084731071981, 32.39668700282035], [78.8137627145402, 32.401038651872526], [78.79688183640896, 32.412640910381946], [78.7386245211255, 32.546338214712044], [78.73703749475116, 32.580161572598456], [78.74889383246655, 32.602105286842736], [78.73533907219219, 32.62314581016686], [78.68791738535802, 32.616772273282834], [78.66795172357583, 32.58209828112442], [78.63038082261697, 32.557850213428445], [78.60767306791675, 32.55897205534309], [78.57544772569638, 32.57698507791214], [78.55301843988508, 32.57164515503325], [78.51294131253336, 32.54400614221422], [78.47253772623966, 32.53901628978224], [78.49761535024396, 32.51342168951053], [78.50536329371458, 32.4936019605058], [78.50482992332066, 32.47515211648384], [78.51761506982339, 32.462313587471925], [78.53388595492189, 32.45986258588478], [78.56013612777244, 32.44664119757023], [78.57500595707138, 32.424203615577795], [78.57572279013719, 32.40863287681567], [78.57043386600631, 32.393970372364514], [78.55106237758505, 32.37154672010118], [78.54111211898893, 32.34548939272049], [78.51879429878034, 32.32655236195911], [78.5231657293168, 32.28216408241434], [78.57002284515598, 32.28353659512532], [78.63677309672956, 32.2441996093039], [78.6496602706655, 32.219387563313305], [78.65058752776282, 32.175461140435566], [78.64564171021895, 32.15019871949241], [78.69055744517546, 32.133394581532094], [78.70769672550107, 32.10188592489907], [78.72765051973109, 32.08604220386582], [78.73868015906112, 32.067263419712035], [78.77179722819365, 32.039297826850714], [78.81000371756309, 32.028588830826], [78.82474693423326, 32.01056516240664], [78.82695406196129, 31.987384488381345], [78.80741015164934, 31.92329135003484], [78.78805855372238, 31.892381340937824], [78.77980936287038, 31.867109856720635], [78.77585051570254, 31.819333449557043], [78.75604604549129, 31.796206879849024], [78.76961605377608, 31.787056873712366], [78.77821661211972, 31.773627131959834], [78.7808867652233, 31.757904605134755], [78.77535677210709, 31.738878464247968], [78.78067725561938, 31.723096323494637], [78.80417318056588, 31.724214298325425], [78.82402641271466, 31.713423746001602], [78.83254333070057, 31.700858892268666], [78.83868437314801, 31.676010972216552], [78.87275495625529, 31.649810578073982], [78.88510706980331, 31.622873845756693], [78.88521205631946, 31.59828774554001], [78.86910602167447, 31.569691903461813], [78.83766208495389, 31.539662149519856], [78.80524051629583, 31.52600645041548], [78.7926294693226, 31.51429275149725], [78.80434532672179, 31.499848709414447], [78.83608457576143, 31.47912496399499], [78.84620704086572, 31.467143018699932], [78.8511808715495, 31.448251785741537], [78.84886850175748, 31.419799599574333], [78.88396257606479, 31.388238075772723], [78.89545116871159, 31.3417754857923], [78.90206572315259, 31.336099412155445], [78.90846588708537, 31.35005346525853], [78.92839621666519, 31.36930175393862], [78.97561312261197, 31.388467850185567], [78.98954079317724, 31.418192276418086], [79.0108382954397, 31.440430355097497], [79.01679132735556, 31.468334054245755], [79.04505185840941, 31.5007349289942], [79.08092289040215, 31.506364846012332], [79.11105998865439, 31.488816734452943], [79.16226769914365, 31.46959060060786], [79.21057440080959, 31.418630406569108], [79.23325015860338, 31.383261220090006], [79.26846713780382, 31.357212295318735], [79.27728565302913, 31.332442540583244], [79.29750140096635, 31.312776562252438], [79.30313830136438, 31.298013360967044], [79.30243255490811, 31.271909087567867], [79.3232436085772, 31.24497875931441], [79.34045932547211, 31.20653465533252], [79.34498406994236, 31.17124287686234], [79.36517818773994, 31.160124465025426], [79.4089068242903, 31.15123443742438], [79.42299667275611, 31.143556972984708], [79.43293568313184, 31.13096001451199], [79.44028162926803, 31.10690990647012], [79.45717198194941, 31.089761189479614], [79.46308803555496, 31.07275731935092], [79.51959548508896, 31.073589312551164], [79.54063594422287, 31.065616246090467], [79.55616399824822, 31.040226241389192], [79.58697810785229, 31.006752793770467], [79.59268000254178, 30.989340799223474], [79.60437498440626, 30.986492991255524], [79.63164936869401, 30.99784102490825], [79.64343881006668, 31.011337184424633], [79.65768807847212, 31.017824173792484], [79.67656734444668, 31.0214306481015], [79.71147299187021, 31.017482557407817], [79.73398911066747, 31.035614439225764], [79.74912571052936, 31.040395970591728], [79.7729510725061, 31.038801305880202], [79.7961423860769, 31.022870945407814], [79.82212980851585, 31.01392732005365], [79.84830140349702, 31.018400665469326], [79.88558677013962, 31.01032255618124], [79.91223578288574, 30.982898235302834], [79.92246731808626, 30.955315821889602], [79.93994588029692, 30.9455298070603], [79.95263812318626, 30.927304466153366], [79.98988794865951, 30.917149064415607], [80.03149756890545, 30.89546147782659], [80.05361917862544, 30.878391555381334], [80.08097458055445, 30.871992466195557], [80.12174272905573, 30.82834057700103], [80.14320103953622, 30.843928892088808], [80.18369110854287, 30.845539251574547], [80.19987520121315, 30.83620163294635], [80.23538516032258, 30.79939487201919], [80.25547501323419, 30.794900626661473], [80.2679132758085, 30.786012736306425], [80.28957971567212, 30.746527160398283], [80.29224725743059, 30.730734955153583], [80.27142213359365, 30.675851446354038], [80.25836246965555, 30.659456084727196], [80.26682311296611, 30.609458465247968], [80.29835973130945, 30.608414384106215], [80.3338744939406, 30.599472602336217], [80.35692367843794, 30.579574189174032], [80.39442486102989, 30.560281714762628], [80.41223000779611, 30.565396437789378], [80.43198160229122, 30.56182629978037], [80.46109172215071, 30.53432425896141], [80.52101547251151, 30.519835412454253], [80.54378036243595, 30.49795787529441], [80.55494045029634, 30.513295265630553], [80.56856222191216, 30.520975680509398], [80.61404741731847, 30.518589348349266], [80.66947864832817, 30.48181907389489], [80.69765671682626, 30.473921871111514], [80.77416970989997, 30.42582509190105], [80.80199063643997, 30.39924688395058], [80.82096723633931, 30.36533578061125], [80.84284909092787, 30.350955743179334], [80.94134722508562, 30.321061767120433], [81.02118085179266, 30.30279341921743], [81.04920584793348, 30.289315248348696], [81.07032583293984, 30.26402501395897], [81.08294266037707, 30.199729626473108], [81.08038093594975, 30.184406618195528], [81.06936930563694, 30.168495478738645], [81.05217765664597, 30.15961473744451], [80.94281956176319, 30.13705937232432], [80.91756084616985, 30.141493539466953], [80.91277782017613, 30.11801453298422], [80.90445958626682, 30.10369046067724], [80.87998227351311, 30.08732767329069], [80.86453968402678, 30.068548783336578], [80.83385605146488, 30.05856078251627], [80.8152412475167, 30.03595850366533], [80.79997496576378, 30.026598746303243], [80.77853435170744, 29.981368324277536], [80.76701167641492, 29.969138000002292], [80.73514222275166, 29.95717299785013], [80.69561437172187, 29.92320023547357], [80.62303181943965, 29.919078022833318], [80.61351823621014, 29.908657952317007], [80.61303580337906, 29.884744561625066], [80.593844269611, 29.839668222301643], [80.57961915439193, 29.821998955224455], [80.53871925032263, 29.79179155238669], [80.52049423297896, 29.764152091208626], [80.49159699400764, 29.753696919791405], [80.46695482010222, 29.759577870331718], [80.4433878113335, 29.759235952480047], [80.43640916604302, 29.739105544813683], [80.41923055516361, 29.722550622794746], [80.41952693980781, 29.71443200381178], [80.42770618416257, 29.694107492189296], [80.45287466936996, 29.673242407726836], [80.46265721144738, 29.65011391331681], [80.4625179704357, 29.62289102077366], [80.45362655754356, 29.603208948061802], [80.45136667651275, 29.584101407715195], [80.42704477930374, 29.543631629086118], [80.41396265227837, 29.5341818181269], [80.39772888496609, 29.530662830233613], [80.3849943311739, 29.491919585213978], [80.35510479492808, 29.472508557560516], [80.33630439586082, 29.428331390381672], [80.31341283125138, 29.411804300674255], [80.32203742691296, 29.3695017892599], [80.35172932752724, 29.34170576560625], [80.35910302005739, 29.304284695262773], [80.35766999426633, 29.28793911216188], [80.34685743822496, 29.268910325479894], [80.33951531317737, 29.222361450015576], [80.33976478324159, 29.18453782658815], [80.32906210181679, 29.16873737141413], [80.31070930401651, 29.159294316818915], [80.31332681988879, 29.139505881525043], [80.30398529840592, 29.118330588451627], [80.27821711028778, 29.101832669562462], [80.26217340207971, 29.08530601253017], [80.24743084428428, 29.07944350910915], [80.21866321327734, 29.079247204536845], [80.19531857559727, 29.08731701872669], [80.18209709604272, 29.075613312643124], [80.18314603919062, 29.05008941409401], [80.17508933929055, 29.030964073841258], [80.18060371497154, 29.01462136402582], [80.17806258009749, 28.99167953121953], [80.14744420110111, 28.955125122419556], [80.12837587660353, 28.945926622033678], [80.10616843716237, 28.907288536162824], [80.10445165608392, 28.86510225010955], [80.12507106133928, 28.865488187608843], [80.15144473105963, 28.857836380647722], [80.22693839476814, 28.798194221132857], [80.28286694909592, 28.78766911341525], [80.30334891461932, 28.76667904798758], [80.31068608600327, 28.745530192643812], [80.34998887405597, 28.726001040150223], [80.36551002361227, 28.694682212346887], [80.38696207381423, 28.68274186756449], [80.39610409564956, 28.672196307638384], [80.4410756497403, 28.67726345168338], [80.46871318257898, 28.665534524827688], [80.4795389942288, 28.693205097769656], [80.5175501917743, 28.72089124986587], [80.56130269401102, 28.729213894674942], [80.57724505061755, 28.72786626192534], [80.61602421622364, 28.71052849283151], [80.63517525836424, 28.679829372443862], [80.67200419566274, 28.67970275822651], [80.69020555967855, 28.673656595893522], [80.71654274713646, 28.63751186209966], [80.73044447565998, 28.626019840182934], [80.7373536924575, 28.611667261068156], [80.755795286482, 28.61208438468831], [80.79421519536866, 28.598084649622397], [80.82473362942899, 28.55677723285941], [80.85346362182234, 28.54322739370754], [80.88355134483177, 28.54703914745937], [80.92399466392972, 28.531892615379633], [80.93931038696242, 28.520611411101452], [80.94705145411325, 28.505871580432974], [80.96050311804336, 28.501824931671553], [80.97396354590465, 28.49057453452248], [81.03095128865421, 28.484169589281727], [81.06646117181816, 28.459621941623563], [81.07888172042661, 28.438079361716465], [81.11726762280387, 28.415905684847345], [81.2326713614409, 28.393777246973244], [81.2446564869662, 28.384691720660136], [81.27151857425451, 28.34770778134845], [81.27894923286522, 28.298007150334993], [81.31572182486529, 28.257469498426662], [81.34915009987972, 28.229651932375383], [81.36005723400564, 28.206985953508063], [81.38308543147599, 28.213094110784716], [81.43465434299249, 28.210647975640168], [81.44875059738698, 28.205906037438176], [81.47871546895642, 28.184529376805013], [81.49364421261942, 28.156327516546828], [81.51585986228746, 28.138392093658947], [81.52282093386889, 28.124242033401163], [81.5230780005818, 28.104847005815348], [81.64869598135326, 28.039584270549547], [81.67628589124725, 28.03007186165701], [81.71854285166924, 28.024384735419105], [81.8238936622633, 27.939762333788686], [81.85226731331218, 27.93345411689177], [81.89668370389755, 27.90241854097847], [81.91198746489374, 27.91426122253272], [81.9434845744843, 27.958160227080874], [81.95985076200886, 27.967768366506874], [82.08495816626835, 27.962359947410125], [82.10381917740285, 27.950359493529547], [82.12906100056495, 27.915789937343824], [82.14767436717815, 27.90395656452507], [82.17253461242908, 27.903478121166952], [82.22880805149674, 27.879355186016394], [82.25382355247147, 27.856248247482178], [82.29071883873233, 27.835976867058825], [82.31804335678717, 27.810766579054985], [82.39310093080879, 27.772666861711347], [82.41640128583742, 27.743235275584745], [82.46510731704755, 27.716690883838165], [82.50969869185816, 27.72835263054065], [82.54992901171362, 27.72700619526149], [82.65338331455823, 27.759845173145347], [82.68587116004342, 27.75693188669332], [82.71278712350116, 27.768311561410233], [82.73165240993892, 27.764102189541838], [82.75022576731816, 27.744778171244327], [82.75144337411372, 27.71434960206903], [82.75831599211322, 27.698979133330997], [82.75928567209867, 27.68246377243052], [82.78336045614223, 27.639505055926005], [82.781489471295, 27.61702257037342], [82.79498894135737, 27.58428996189077], [82.78371433562347, 27.547358105636444], [82.78690862597762, 27.53769416500749], [82.93283257098652, 27.53982958673132], [82.96422743036652, 27.5248877182854], [82.97768292418428, 27.506250823742672], [83.0553237674853, 27.48809964401606], [83.19478724543549, 27.491426834723036], [83.23054366645813, 27.466920897119007], [83.24481647717134, 27.4474175617666], [83.26845671599855, 27.43521524315467], [83.30074145784248, 27.408848444294897], [83.31088795138562, 27.39154712767989], [83.31192855671621, 27.37428916235033], [83.31719982379835, 27.37152064092174], [83.33582021823308, 27.37591399653342], [83.34290815312873, 27.39001609845496], [83.35700568206505, 27.40131726603521], [83.35096252348815, 27.42845718469219], [83.35691032460748, 27.455379646365827], [83.35539029749772, 27.485736374981748], [83.36805831577446, 27.505837821331635], [83.39345269833977, 27.517014074609833], [83.62323848146868, 27.507755136215152], [83.7949731996507, 27.42913652023345], [83.80267277541309, 27.45179141046695], [83.82383720448114, 27.475443968777764], [83.83725774447791, 27.483579005851475], [83.85670399567285, 27.485543393078707], [83.88098459938328, 27.475970893888906], [83.9356680907233, 27.488842467105354], [83.95641892401511, 27.48326638059809], [84.00465582373484, 27.484650970656684], [84.02356535762192, 27.479831601270025], [84.02933881017351, 27.482582233525065], [84.04092047363555, 27.50814820649161], [84.06538094721732, 27.52251330472264], [84.07369631790597, 27.542130526605266], [84.088428637598, 27.554814058365], [84.11422834364467, 27.56082014239162], [84.13753769689163, 27.555310145679925], [84.16213239388381, 27.55783108613426], [84.18552500832489, 27.54355192192383], [84.19645006984324, 27.51121663389486], [84.22721112739359, 27.50406503210453], [84.24431609323922, 27.489670076020868], [84.2768651049519, 27.483281889620436], [84.30772128653926, 27.44741031605026], [84.31420836481215, 27.429813218493024], [84.34889594513986, 27.415315480686353], [84.42913984268915, 27.410883327689156], [84.478108492226, 27.398635833011845], [84.63278661722549, 27.375957384725428], [84.64978249688349, 27.36879772226431], [84.70020080529794, 27.294762417890865], [84.73074156762051, 27.230769970047277], [84.72569753820366, 27.197327555126144], [84.72831283117353, 27.152404951306632], [84.71697101415492, 27.092279649916517], [84.70491600451746, 27.069871851256245], [84.75215697670949, 27.049468017672034], [84.77556049191595, 27.057999731514535], [84.79569734912383, 27.053647053348126], [84.82447572179471, 27.060562554526822], [84.84480245917051, 27.057563450940485], [84.88036178567339, 27.041463309654002], [84.89635450418776, 27.018995332813066], [84.91031499603054, 27.012857452309724], [84.94359394152569, 27.010011659657618], [84.98311048116031, 26.99656245680857], [85.0385397527711, 26.93160070527842], [85.06277605673235, 26.927414551854703], [85.09136739779598, 26.90775731855584], [85.11252814359236, 26.91148392250907], [85.13717352474426, 26.907693375254297], [85.19861563482344, 26.908853069590034], [85.21345469563465, 26.90477083127655], [85.22806702611355, 26.892362062213774], [85.2344995780837, 26.878380478950127], [85.23337679148845, 26.828833247262512], [85.22789871867707, 26.81386385388786], [85.23404185381243, 26.80255536928139], [85.32852115816095, 26.787164133284687], [85.37599149413818, 26.81280366455319], [85.39397191711087, 26.827784659399438], [85.40911629717436, 26.830893609637553], [85.44915142129057, 26.827446070166715], [85.4854539767646, 26.849535758231287], [85.50482635496891, 26.852729811047627], [85.52126825197277, 26.86958441297796], [85.5412389829053, 26.87868619615617], [85.55984239425182, 26.896032052305696], [85.59184170987156, 26.897466873555516], [85.61772714206406, 26.913325424227402], [85.64211052740472, 26.911980603714287], [85.66275090158439, 26.90302838307657], [85.67442896590003, 26.886694373544685], [85.69469560380729, 26.881045867881607], [85.7464269650366, 26.851293765119177], [85.7618592104035, 26.835149171992228], [85.77589224465504, 26.797200483047046], [85.77123871094629, 26.756070565048518], [85.77518438128006, 26.733914615392543], [85.76644183436039, 26.712050799232443], [85.76498680924489, 26.69218349793844], [85.77471325921654, 26.67472712749003], [85.8171822272426, 26.662281271501456], [85.83092538777485, 26.65299624445305], [85.86442752160296, 26.646415956074595], [85.8814987929974, 26.635470694655588], [85.91767867148913, 26.654547134894457], [85.9273065477233, 26.674841398115753], [85.94282532848582, 26.687984477916203], [85.96674402864802, 26.69840267340555], [86.0041678377399, 26.697123854967117], [86.02957301719965, 26.706402116806913], [86.0863755299857, 26.696247710128727], [86.10550556988889, 26.6804980055527], [86.13435114463566, 26.668434122994302], [86.15295927332014, 26.666202383193873], [86.16766205861221, 26.656787705921595], [86.20468695798702, 26.653294442389253], [86.22558362481567, 26.639748931600703], [86.24145266411557, 26.650398478725958], [86.27019141300555, 26.656329156190363], [86.29036300176018, 26.6543135568387], [86.31033427781408, 26.659778116764162], [86.35330845024352, 26.655787163732853], [86.3784401323095, 26.63931771463726], [86.40842767082734, 26.63278800330459], [86.42869479741921, 26.618177890177595], [86.47811874778617, 26.60281201954098], [86.51266309222942, 26.58194284127451], [86.55445244218691, 26.57793972837532], [86.57957038518411, 26.558446586958517], [86.59362222712738, 26.534039849105536], [86.63060659621677, 26.52438987633625], [86.66023965607766, 26.501884104030708], [86.71238003705744, 26.486311956077937], [86.72749939981429, 26.47542067131881], [86.75354751525992, 26.4933822406213], [86.77171480479194, 26.49832334762418], [86.83209822296291, 26.480795904273222], [86.85488325743694, 26.493799108635326], [86.87306124948668, 26.519235878027754], [86.89608184145631, 26.526772309902626], [86.90373848106844, 26.538914074900116], [86.92034730845566, 26.550613034818078], [86.99164807704548, 26.567771586275583], [87.00570291197, 26.586136135423505], [87.01154578214451, 26.608047250635725], [87.0249488291794, 26.621411389130337], [87.04299553337434, 26.627117380299488], [87.07744836085668, 26.62613302224449], [87.09879902418542, 26.61648361259679], [87.10989622908465, 26.60031145030551], [87.11452240136941, 26.549556143600324], [87.129539521446, 26.474797038643622], [87.16684762651808, 26.448200394492513], [87.18929239888149, 26.45401909245378], [87.27384004050384, 26.448685658718375], [87.29329992698804, 26.435266090853034], [87.3062333260158, 26.411152605114438], [87.32421583854368, 26.410378385007157], [87.34177825376253, 26.435604640646957], [87.37423040738895, 26.455962547578707], [87.41745615228596, 26.460405949929335], [87.45858951273492, 26.479447716638653], [87.50626682423261, 26.474924120263957], [87.56570648415062, 26.455272305735207], [87.58526285626924, 26.436853738317808], [87.60451690326545, 26.429623197675188], [87.62077343055547, 26.431208512963842], [87.64006241788391, 26.444098228339087], [87.6511218466801, 26.464085267252617], [87.66750525060556, 26.473800405611755], [87.70206884009173, 26.474811183096037], [87.73799231169156, 26.460277057528554], [87.75768995028433, 26.492450033844126], [87.77313320416523, 26.50445099915479], [87.79633712305134, 26.50718461299197], [87.83602616233149, 26.494773790465224], [87.85644234272424, 26.505547293892164], [87.87278846153265, 26.521559320775314], [87.89192190874539, 26.52614610359208], [87.91092752905988, 26.52105554612631], [87.93075582322226, 26.504832518536485], [87.94441579246913, 26.481724140037688], [87.96048688606314, 26.467418479259344], [87.96668979881132, 26.443779551241622], [88.00823734873937, 26.430179464692024], [88.0218963162332, 26.421000918667175], [88.05695349180927, 26.450033933634536], [88.06586913408448, 26.485683045504118], [88.05970570014621, 26.50896422837268], [88.06895019660065, 26.56876984538374], [88.0920911356837, 26.60197186055624], [88.10713141666345, 26.64453486147831], [88.12279223455363, 26.658824801929622], [88.12889884772335, 26.69424494724317], [88.14835583628023, 26.736901853163303], [88.14513939422156, 26.790492648624856], [88.13020926013283, 26.828082575867377], [88.13019801409948, 26.84840891369822], [88.10711531763172, 26.87446834347006], [88.10422486300246, 26.910529418517857], [88.09067246896541, 26.924536966930773], [88.08434086981593, 26.939105585312195], [88.085727399648, 26.960884577578767], [88.06451946101343, 26.9788513363559], [88.05539909440601, 26.99348593398204], [88.02380379276339, 27.004800347720558], [87.99755196346608, 27.029773429313384], [87.99003617490968, 27.043564865003585], [87.98675080283506, 27.067603087752165], [87.96130277626592, 27.08523361889217], [87.9513611421812, 27.111105732114165], [87.95704431477104, 27.141351359230963], [87.97730841700837, 27.174511989865568], [87.9779011247392, 27.22764497591482], [87.99386601353096, 27.259424793387705], [87.9966478504569, 27.29108843544291], [88.0194724793714, 27.336979673138956], [88.00818843123861, 27.352973317002785], [88.00437467266443, 27.379423689160742], [88.01310845833787, 27.423881544907292], [88.02386233698938, 27.440275053756395], [88.01177424234211, 27.462248305177173], [88.00854463474573, 27.50295082156003], [88.02377020919063, 27.53175237688465], [88.02542522289656, 27.55059674570024], [88.04768809182706, 27.604530516984514], [88.07777321618121, 27.632144761694107], [88.09156722331907, 27.667740808793813], [88.11302972041995, 27.688691151109634], [88.12100349770691, 27.745672477285], [88.1483355068695, 27.77429563276572], [88.15395010010762, 27.786405932894628], [88.13850202121824, 27.807719868234212], [88.1388957322144, 27.83179342859561], [88.113185327456, 27.838916977245272], [88.0962823074971, 27.85982653205267], [88.09514588493992, 27.882315258852987], [88.08233885494676, 27.914266536954067], [88.09423205609774, 27.961800793156936], [88.11611776838733, 27.991667107520453], [88.13385601596967, 28.001298427997817], [88.15005496986517, 28.00191946999421], [88.18183891846864, 27.992168580534248], [88.20096484512163, 28.004537562960905], [88.23878798613674, 28.007216961544174], [88.26399559463253, 27.998515687695072], [88.33895900891287, 28.02687984968512], [88.37585611908594, 28.027574618003513], [88.39330816790792, 28.022513111410856], [88.41566458299314, 28.042695622350394], [88.44335530886015, 28.052662489863266], [88.47374763239014, 28.080974753575646], [88.50645558470119, 28.088444550043246], [88.52294664568596, 28.08630637613649], [88.53350212464865, 28.11147968116466], [88.5466344962898, 28.12099086623913], [88.57547886460405, 28.12863840355461], [88.57972476257672, 28.14405233621645], [88.59239619837987, 28.15863865674227], [88.63239362270123, 28.17059957374431], [88.6504567521266, 28.164975412665534], [88.66810849947781, 28.15010563378063], [88.68813533187112, 28.118203414862787], [88.775473878372, 28.10973907622473], [88.81709842911556, 28.080546258929406], [88.83831566016461, 28.058181588507267], [88.86672576077959, 28.04207188871667], [88.87679296988058, 28.029472437997118], [88.88769521157376, 28.001318143912307], [88.89219562875303, 27.95606441099908], [88.9234681778994, 27.91331255255774], [88.92888348249564, 27.89886147343816], [88.93323546078126, 27.853399522721723], [88.92553315032522, 27.822575927448742], [88.90402174693698, 27.794483808129375], [88.90126392272163, 27.772145637505083], [88.91011659793227, 27.736570892763545], [88.89334244724579, 27.698880058922956], [88.89308508270072, 27.658767468677315], [88.8843528968847, 27.64222946608771], [88.85432268616073, 27.610970994297286], [88.84954807766285, 27.58645781678007], [88.82576456176281, 27.553074047100377], [88.83628365297332, 27.529869686818234], [88.83076952115928, 27.47463061811508], [88.8520155443663, 27.427060069988546], [88.87869437984672, 27.423615856694273], [88.89258921716831, 27.41561614139362], [88.92077922680667, 27.386188334208985], [88.92856934107877, 27.36828710890868], [88.94869529017959, 27.361195583238157], [88.96082187118714, 27.350964303514257], [88.96801684654372, 27.33682339189797], [88.96914820805961, 27.320997682661357], [88.94347026169245, 27.25591471283062], [88.92987636495936, 27.242465214340445], [88.89210423105101, 27.22065421639435], [88.84778385513272, 27.221398798016118], [88.83127277329648, 27.168409787179627], [88.84742469808758, 27.15654054385404], [88.89106740296187, 27.14589433452639], [88.90695472140139, 27.134778275550417], [88.91574756212209, 27.117496504622178], [88.92510783225401, 27.03601623155161], [88.94752315702988, 27.029543407640524], [88.98541903784111, 26.999165643580337], [88.99521536018848, 26.98752221226275], [89.00039336801873, 26.969579445905932], [89.02521297270242, 26.979661260684225], [89.0446126782848, 26.977897391552037], [89.08654327808479, 26.941077707292916], [89.12463285369832, 26.92248619169226], [89.13823039973035, 26.901155954728125], [89.1509534552944, 26.85447663031575], [89.17824158494919, 26.86154998327823], [89.20472296084293, 26.852295063312596], [89.23342116029515, 26.859904154444603], [89.25382788663603, 26.85862466491892], [89.30854566097113, 26.89029918728202], [89.33531118683811, 26.890458914006253], [89.35551485499047, 26.90192321144612], [89.38800870890734, 26.905907609558202], [89.40572685438133, 26.899259768038775], [89.42803986852122, 26.877375510508017], [89.47522894619694, 26.868379601643134], [89.49361908179564, 26.849070427151], [89.50867958303999, 26.855948639681333], [89.53350244431395, 26.858895847805474], [89.5763665578753, 26.853719497969568], [89.59913561019962, 26.835764762181384], [89.67059108612091, 26.815397524279362], [89.69041992710993, 26.796759381087163], [89.69858272342277, 26.778407149931724], [89.7371180427406, 26.768796894389407], [89.75641048214528, 26.77593851064887], [89.77185112337075, 26.77517511295704], [89.78584907780493, 26.76861360023907], [89.7999796230831, 26.752787481856235], [89.82972875434032, 26.751839123246413], [89.84317017994816, 26.768341598061063], [89.86133726332288, 26.776343723607987], [89.87726799983612, 26.775762509067743], [89.90407834660301, 26.764102078346653], [89.96084528576347, 26.76307773043072], [90.00379712698594, 26.774028242849656], [90.0646856514488, 26.771197517796086], [90.12099090194098, 26.78702062139432], [90.15046885842447, 26.79744560219782], [90.15052587245245, 26.819300843102457], [90.16513317405847, 26.8525200808993], [90.20035325669349, 26.888276347884457], [90.24806548970498, 26.897698900315362], [90.30194262773476, 26.889399983312817], [90.31905837981728, 26.90224744956139], [90.3283340338081, 26.91993999326481], [90.34422262768288, 26.932502471615933], [90.4106690043185, 26.941446949920092], [90.44674561645854, 26.932841232668462], [90.579871884597, 26.839063200081828], [90.64444932699193, 26.83023950540746], [90.66614927407612, 26.81712159567014], [90.69305699254019, 26.81888499980385], [90.71625390712774, 26.80728748982168], [90.74097104717679, 26.814396965407276], [90.89906561814026, 26.818144196790204], [90.99983838833701, 26.82777578380044], [91.0430137843439, 26.82173943047183], [91.07234484255991, 26.85191120889414], [91.10194495383008, 26.859250041390602], [91.13953442061556, 26.848313014166667], [91.18773198160522, 26.85073274027812], [91.27333364795855, 26.843769381118012], [91.31274724042706, 26.82302630572503], [91.33337994320947, 26.82025859270562], [91.35622408207495, 26.831780476928806], [91.3844067254288, 26.868003352553224], [91.40970005472566, 26.874752718740595], [91.43000609474686, 26.870747393625575], [91.49637938779705, 26.829401332315392], [91.58228175125274, 26.842513666225], [91.62537053228652, 26.86039121421298], [91.68417181035265, 26.847204363152922], [91.72028133984692, 26.851375984248406], [91.78345459139341, 26.884609075251387], [91.8048371574065, 26.902004017152713], [91.82511043464724, 26.93524362421519], [91.83695740756704, 26.945814716671787], [91.88736464855793, 26.95516966743501], [91.91407559711793, 26.95285469475501], [91.96279710973748, 26.92988164505133], [92.00614191155373, 26.895018260898183], [92.05168191194983, 26.88829290600803], [92.06797108501026, 26.896652974170955], [92.07869146828985, 26.931376034894807], [92.07568776351584, 26.952479886923886], [92.06572131762182, 26.983548961365546], [92.05194535777545, 26.994781257512333], [92.04435047013253, 27.011134775109362], [92.02428089842556, 27.019120405619976], [92.00179429610685, 27.045651841779062], [91.99286116322202, 27.06736230874725], [91.98609048803053, 27.11184152482205], [91.99236531212958, 27.135488726652543], [91.98728854388602, 27.160916805226005], [91.99207321853235, 27.18575956003808], [92.0030378372469, 27.201046713170705], [92.02285462097088, 27.21325660352622], [92.02759870779492, 27.223754930824676], [92.01056314430237, 27.238868927218984], [92.00409093833925, 27.258107420168542], [92.00920893167195, 27.286016784542717], [92.03021117730279, 27.30335939248768], [92.01336874570842, 27.349631735896224], [92.01073225107848, 27.37035126924569], [92.01455280160332, 27.38780516782508], [92.00645551264797, 27.410509137092568], [91.99022237065934, 27.424745906889346], [91.94109966836193, 27.4199474808299], [91.91783383098107, 27.429068214438477], [91.89598922078648, 27.42815451174074], [91.85804797917994, 27.43679112002425], [91.84093064978609, 27.429048641057566], [91.81478878490915, 27.43105430171642], [91.77928294156958, 27.423857364624876], [91.74922386799341, 27.43255992833174], [91.72170434617308, 27.429839787968685], [91.69983231329599, 27.437673132501615], [91.68493902459569, 27.451407349057455], [91.65420192191877, 27.442578247588944], [91.62436386346097, 27.45547298009568], [91.58707063898507, 27.501027058963064], [91.56917218516041, 27.512847962135], [91.55512497293726, 27.536115134471128], [91.53822499382079, 27.552897792472457], [91.52783720382398, 27.576184485233092], [91.53201045464385, 27.602831281501818], [91.52352569792494, 27.626132401396717], [91.52528082860475, 27.646527567274628], [91.53803652488499, 27.673043899267785], [91.5583887576674, 27.692821934627364], [91.56987731772332, 27.716439092109788], [91.59228276086996, 27.730989858700358], [91.59781485854076, 27.761303477328735], [91.59585078874817, 27.775889686056598], [91.57238654817161, 27.772824684933568], [91.54497014184619, 27.784596665470616], [91.51421090851825, 27.8364102388788], [91.51101975224724, 27.866169419156968], [91.52937200755447, 27.88981232537242], [91.57962059991543, 27.901554590109445], [91.6056810203839, 27.90128316940042], [91.62271927988314, 27.894537472621597], [91.67192505510279, 27.897634312996487], [91.69971635475973, 27.887653705025627], [91.73001374690384, 27.85035873226536], [91.76506658326636, 27.841659609709264], [91.80703278179027, 27.848356840920783], [91.84156914717327, 27.84800846465937], [91.86283142881317, 27.831956857610425], [91.87150807414758, 27.809073682286886], [91.88421599580988, 27.796480856396954], [91.90141366584767, 27.76438041789929], [91.92316751909972, 27.76451011804809], [91.9365026005904, 27.781999696698215], [91.97956303586938, 27.808293978067194], [91.9944794204789, 27.80900704763846], [92.04497560504757, 27.79715763109085], [92.13963306867716, 27.870104439827035], [92.21038572498527, 27.898009004488106], [92.25485308996927, 27.902671234404053], [92.29149177726366, 27.890270188041413], [92.30433833499318, 27.87586427559267], [92.3280489524761, 27.822627178337502], [92.350614008517, 27.829624917200352], [92.36999152370221, 27.85061553508438], [92.40617333313513, 27.860894607055148], [92.42862396003893, 27.860922009667604], [92.45149883193086, 27.847547996670517], [92.48369391366148, 27.873824182723205], [92.49805465259544, 27.87981918983512], [92.53101855060488, 27.877693697023123], [92.5504725397747, 27.865994930774036], [92.58640356234524, 27.909105828219264], [92.6510128371525, 27.9335482571368], [92.69562878157996, 27.986791437474373], [92.67189880560542, 28.018734162582412], [92.63834900497183, 28.034985362058674], [92.62650970436549, 28.061416719019427], [92.62749403456534, 28.077281563051383], [92.64778640930273, 28.1314319973904], [92.66738883510182, 28.156557053954725], [92.72092751973075, 28.18513555904827], [92.79097256012535, 28.239054096443024], [92.8304375516409, 28.239794889517107], [92.85302091651688, 28.225144014375175], [92.87597184871552, 28.236431277160865], [92.88445550878609, 28.256008299944277], [92.89957839957796, 28.269735195094256], [92.9580833450161, 28.299324067993844], [92.98710416227244, 28.296967534225548], [92.99373220408823, 28.32135793402761], [93.0120451988595, 28.336243187546113], [93.06980427399525, 28.347766379494143], [93.0899686341529, 28.347397641419906], [93.1253502974085, 28.365710139156516], [93.18446977854207, 28.35730376155863], [93.18821744991688, 28.385320688951325], [93.16053078325378, 28.40139004241417], [93.14780953681013, 28.42106021100355], [93.1513295785786, 28.45546350181029], [93.1635018208376, 28.470949085091338], [93.18834442178525, 28.48403956024673], [93.21419504887724, 28.51205543118096], [93.24833629726984, 28.53175452648744], [93.26675471973161, 28.572989035897475], [93.26322783347263, 28.595578906226322], [93.27013011815552, 28.61790746879056], [93.2829532401368, 28.632084519415248], [93.30073484435977, 28.639421634013168], [93.30699524186063, 28.658087781693897], [93.3199508719575, 28.672644546941104], [93.33435862577812, 28.67874646466903], [93.35367223206147, 28.67871242852257], [93.40102469544934, 28.689574518913105], [93.43942851355652, 28.713648331705656], [93.46785650775125, 28.71173882052063], [93.49403924132076, 28.72323461013865], [93.53037755796193, 28.715972253897775], [93.55523084914347, 28.697917335578673], [93.6201338846376, 28.697017981976913], [93.7340872032296, 28.72833972453268], [93.75031245914626, 28.72610330893936], [93.77886346548561, 28.712678534566408], [93.83309101441539, 28.74306306476862], [93.84830861935552, 28.74645942603682], [93.88575352845969, 28.739735069253584], [93.91980089700886, 28.71706340336961], [93.93163633885925, 28.733073838446735], [93.93715834038098, 28.766663252470952], [93.95271563232767, 28.78462496497569], [93.95203959215523, 28.815340594786175], [93.96115855705077, 28.8326131914659], [93.96168874449775, 28.850883881885803], [93.9685566079568, 28.864837915654846], [93.98370124639818, 28.87691556769381], [94.01217114708075, 28.886895324813864], [94.04693692514314, 28.926455334560885], [94.12408234334127, 28.97773361176726], [94.13969975241073, 29.00685294014222], [94.14507282762132, 29.03762389329371], [94.19347578810758, 29.11300450720003], [94.23681438599849, 29.14617198865352], [94.27348693959132, 29.182178925717267], [94.28740644763089, 29.187132347916933], [94.33758961890936, 29.190484114413053], [94.35061250843475, 29.21867448604892], [94.41962515062623, 29.262280723311505], [94.43947993393655, 29.266254736136116], [94.50253491138771, 29.256245519650918], [94.53711931539958, 29.260589211798838], [94.54999754337344, 29.301710926917522], [94.58706271739024, 29.32951623183603], [94.59495622911831, 29.36504888303993], [94.61965392436893, 29.38538124994691], [94.6353222716229, 29.388139706800544], [94.66319417040518, 29.383294884593838], [94.73991155456197, 29.33650591891487], [94.8262804214005, 29.251988970551928], [94.84177031077535, 29.220589199106087], [94.88691800769345, 29.222043277876686], [94.93412311126123, 29.20065331418603], [94.9623759310972, 29.199134946172393], [94.98251030083061, 29.21116719508964], [95.0088654088514, 29.211311022447497], [95.05699010084491, 29.189723627174406], [95.12008220117326, 29.17877426972091], [95.14455162477398, 29.152906400040365], [95.20311953981647, 29.146024772581367], [95.26540659142627, 29.146954881157367], [95.28959555207331, 29.129327995812], [95.29551235258418, 29.09972625277171], [95.31831401593374, 29.09952755856003], [95.36168744965813, 29.082567383201674], [95.41053734989529, 29.073124951630216], [95.44243209441275, 29.078200912657106], [95.45273459489788, 29.091008440633253], [95.46690375514821, 29.159099194048142], [95.48364895331997, 29.174325593420747], [95.50863170928324, 29.180970000515206], [95.50263769332528, 29.21135969288524], [95.50925747304433, 29.234195715084613], [95.52766829677961, 29.249240546848625], [95.55471541731407, 29.2532660459139], [95.57103848509473, 29.283117753711302], [95.58213789815761, 29.29372958163635], [95.60410237108304, 29.30004725567202], [95.63755360784695, 29.291467121990017], [95.66141457855042, 29.30596927469741], [95.68423022605455, 29.3315067055874], [95.7120286949875, 29.338190054221034], [95.72163256508732, 29.35499119813805], [95.76717229704273, 29.391435964331787], [95.79226193560818, 29.39434905799212], [95.81058906921402, 29.387681142284798], [95.83369470577571, 29.393768015668325], [95.86053487050748, 29.420515470585613], [95.87858778849399, 29.428940995827226], [95.95011904609441, 29.422354531036707], [95.98720503158913, 29.445416749073395], [96.04113088271336, 29.491348723952918], [96.0924106013338, 29.499624280273036], [96.11864129593071, 29.4897281047947], [96.14688515202977, 29.453756698374193], [96.18713405103647, 29.42063498162985], [96.22751287775971, 29.357078091752282], [96.22923827378136, 29.3249464600167], [96.26639901221218, 29.272448450670773], [96.27847870709007, 29.27259332572328], [96.29573536123223, 29.290079390002173], [96.32893393033672, 29.300413980450976], [96.35141402165789, 29.319298786393215], [96.37013033688862, 29.322595495862323], [96.40456381877216, 29.311790252758446], [96.4355393528702, 29.264319509620005], [96.43675619461929, 29.248525674100524], [96.42847133403818, 29.214368306277947], [96.4100564817272, 29.192555729065326], [96.39871183761453, 29.161208342314268], [96.38885621609701, 29.14821370857699], [96.36305754656719, 29.129822646322676], [96.2815196821052, 29.11884947107332], [96.25151990233562, 29.106129157321664], [96.23193066571918, 29.073780887507613], [96.19853231006155, 29.05169414679352], [96.2256685529772, 28.999545371191797], [96.22834720720934, 28.98096898765115], [96.27184121936803, 29.02588110422535], [96.33635991484444, 29.066058900880005], [96.42942798725925, 29.073263732010517], [96.51553705588921, 29.113144044205495], [96.54572804891396, 29.111675040258987], [96.56473362493286, 29.093057007233924], [96.56852302334661, 29.070450874195867], [96.53495849627669, 29.00466870794484], [96.5499894727947, 28.995561977187467], [96.5589580405922, 28.982526254106926], [96.56489318420633, 28.957791263524463], [96.58084190659217, 28.92587694509635], [96.58102861823389, 28.891739774590945], [96.60909862946336, 28.852211856745406], [96.63908003491609, 28.823027257404696], [96.65753489370896, 28.783455964365857], [96.65270765991905, 28.738226568977755], [96.61852963533543, 28.690039529691706], [96.57664910242042, 28.66938732385433], [96.53812876280298, 28.664912807185846], [96.53125156672714, 28.660486206357675], [96.53767386058124, 28.63926246355871], [96.52968454722232, 28.610671009165156], [96.47339666234535, 28.570424914032806], [96.43355930690066, 28.527341196546494], [96.4040481183478, 28.518526388416618], [96.41481665814757, 28.487295665822373], [96.41082161323953, 28.463603863005293], [96.39259477409753, 28.44185385413396], [96.36004923782765, 28.427281629505337], [96.38565475820118, 28.42675870976938], [96.40461051669664, 28.413247326636146], [96.44356232776599, 28.449957688317404], [96.47950612613033, 28.458894233891275], [96.50436217714149, 28.455125230383537], [96.56971389391387, 28.49553332038448], [96.67368357728434, 28.499178329232155], [96.72632077702342, 28.467294223271296], [96.77713805622803, 28.447162948448362], [96.80544452595475, 28.40332369040145], [96.83757658093197, 28.40163987470502], [96.85584434420821, 28.41082402489481], [96.89604089456192, 28.41897479359258], [96.91221652249992, 28.417321599216184], [96.92934362149937, 28.406527210814907], [96.95778305941158, 28.37299645367423], [96.97221437119032, 28.368635947417104], [96.9968861655908, 28.35155767864017], [97.03868548557361, 28.388207589138098], [97.08661078299724, 28.401788556538847], [97.10894867172296, 28.399478711723006], [97.15319975052489, 28.37918869408192], [97.1821179941916, 28.354061948670687], [97.19913621746231, 28.328209358821358], [97.22603604209556, 28.332098778000955], [97.24086453922607, 28.328920212798984], [97.26294470778262, 28.307756390718733], [97.29753247052605, 28.30548583370563], [97.3708338673436, 28.26163044414519], [97.39680544657885, 28.250901001298292], [97.43186387671071, 28.21752891974557], [97.4404666001246, 28.19916123547673], [97.44000120934457, 28.17620364247098], [97.42860306440825, 28.156000902219635], [97.41173224003963, 28.146390575012454], [97.39561552985576, 28.142721608073014], [97.37838088789722, 28.145343141499954], [97.37278575575165, 28.13962896955879], [97.3798024614555, 28.123236614852665], [97.37816877729976, 28.101062100936304], [97.4019523074189, 28.089749938895054], [97.41375413097035, 28.06204110578442], [97.44250398291557, 28.044236614252345], [97.45499286300895, 28.019806829513684], [97.44548807374845, 27.984488889783616], [97.43517585981736, 27.973546099171536], [97.41756755549603, 27.966232326042203], [97.41652856469621, 27.949057622149322], [97.42718744663328, 27.927113794403258], [97.42430606392635, 27.905554956388954], [97.42883271985347, 27.888922913950484], [97.42091049026556, 27.862947552046062], [97.40569097949059, 27.850613876241678], [97.36345804486626, 27.83571730904275], [97.33919029689125, 27.843060008328823], [97.30926987209513, 27.842001956665015], [97.29243567700607, 27.852302534185263], [97.28307319578376, 27.86791546892151], [97.27710625489274, 27.865593516265502], [97.19373238733375, 27.789077094185092], [97.16116298892184, 27.771795089828018], [97.14277274938604, 27.75414710317039], [97.13282961386074, 27.72468252483016], [97.12109917835342, 27.709533941627125], [97.09426061913175, 27.69954315443005], [97.06841241739221, 27.70600373380185], [97.04582442398662, 27.70040925876334], [97.02109419191495, 27.636140634164352], [97.00172133065537, 27.62364937073775], [96.96865763221142, 27.622344977105826], [96.94974349298393, 27.596816835055694], [96.95465462862097, 27.563820353774645], [96.9710638821347, 27.54218099775814], [96.97703444334944, 27.52455342143254], [96.96991174318396, 27.49107871149559], [96.95771302446018, 27.47228132496748], [96.97322663252184, 27.446154316946174], [96.9991529910237, 27.42623265955766], [97.01473574442346, 27.385675168598688], [97.03117319823426, 27.365350340786495], [97.0375587299957, 27.345552934076125], [97.06873215079082, 27.324878869980765], [97.09412716298408, 27.287708806801913], [97.12563661160452, 27.26043124501663], [97.13300367041664, 27.234552106698583], [97.14552020476376, 27.22495126225477], [97.15539962634482, 27.20695786203329], [97.17755366630742, 27.19510217069256], [97.20203837736439, 27.16141902581238], [97.20987577197084, 27.131214980920788], [97.20873010240312, 27.115035710118626], [97.16781747241822, 27.059151072304676], [97.14241781427835, 27.051996571386432], [97.11903551716593, 27.054253557168835], [97.10012566388491, 27.065062219899815], [97.07903149734825, 27.05932692677371], [97.05052251421536, 27.061986982096695], [97.03661660363537, 27.06898835029509], [97.00692749976722, 27.096954497772426], [96.97974957951361, 27.10788108998147], [96.96354867172731, 27.12052590241066], [96.90574112035438, 27.12715472339814], [96.85257781822193, 27.150271259366477], [96.8373212476493, 27.16113777051397], [96.82731766769612, 27.176881433399455], [96.8223792035649, 27.211313112515782], [96.83181039941235, 27.235323360732245], [96.81853239801187, 27.253734673288314], [96.81371413032075, 27.270884970968623], [96.7953005005493, 27.283291029687415], [96.77553333309741, 27.312113255266254], [96.7655331850031, 27.315739343534762], [96.73338424409533, 27.315981299570034], [96.71820225847797, 27.32186515126138], [96.70098275888377, 27.316715164369082], [96.66858301506237, 27.322617734575793], [96.63694564557541, 27.320001442550165], [96.62157116468516, 27.302081624822037], [96.58281867634406, 27.282641272360625], [96.54344801714832, 27.251757086443337], [96.52919950327997, 27.246074521839088], [96.5101201916385, 27.247117965736045], [96.49284107615308, 27.25735159247731], [96.46246866320973, 27.263459599219242], [96.44496614092684, 27.262317826818556], [96.39953933293499, 27.247232708862956], [96.37578044347674, 27.248676002835108], [96.35166588302458, 27.24049240045175], [96.31281699963708, 27.250472713603422], [96.29109699821291, 27.233503400218627], [96.26554771151584, 27.229925058275867], [96.24617975204342, 27.23349578712897], [96.19619198900658, 27.209154851637074], [96.17136526841092, 27.206636795129498], [96.11871104783357, 27.185921723754422], [96.10644001047667, 27.17499573168999], [96.06492751154187, 27.15576079479849], [96.04920306052162, 27.124002200703394], [96.01220842202285, 27.080644952408726], [95.98314501358199, 27.03061989912428], [95.92084926986455, 26.98997189745958], [95.8906096587183, 26.975534343255276], [95.825029713044, 26.969530268317023], [95.80241652537927, 26.946456481633405], [95.7927218822878, 26.888308863986143], [95.74878288944936, 26.844685744234468], [95.7202810376836, 26.83632396653642], [95.67867043825504, 26.8482682040042], [95.67238077199865, 26.843214634099244], [95.66614310248737, 26.821860936198043], [95.64326396041426, 26.79039306675652], [95.62139748868553, 26.77543779282599], [95.56939199933086, 26.778925693073678], [95.55088124470979, 26.786198993347426], [95.51914332604062, 26.728815801164178], [95.504198676813, 26.714141114228518], [95.48901414086906, 26.708314667792116], [95.44905930902515, 26.658928635127424], [95.41762062863093, 26.651083219775742], [95.3754342628566, 26.63210088508599], [95.35516993282194, 26.631022696748524], [95.308906777479, 26.609935900941206], [95.26110230806812, 26.617669686101312], [95.24647333836646, 26.62520816145158], [95.2264943395447, 26.608460062468282], [95.194233800429, 26.594781210906948], [95.18886235641406, 26.554641631869806], [95.17404028972747, 26.530211186751433], [95.16016444824332, 26.520059192768596], [95.15343850768465, 26.50096762679676], [95.12390345494464, 26.462403289166332], [95.14219148942092, 26.438061528089943], [95.14778903049168, 26.421389983073816], [95.16905194636121, 26.402191287113176], [95.17446128140004, 26.38778010766445], [95.16938570372012, 26.35180531965552], [95.17259143307386, 26.333199626328085], [95.16787255638518, 26.316976559457483], [95.1699699745907, 26.280767014084173], [95.16506579902227, 26.266059202098305], [95.16726995723924, 26.238717208743985], [95.17817241987036, 26.223360388049056], [95.18151608878439, 26.207756417195505], [95.17849349250089, 26.19208708600646], [95.16469375422638, 26.174028561993808], [95.16023080161821, 26.15741549995734], [95.16672555738934, 26.12952199631916], [95.19107618874811, 26.1235107458808], [95.21677010860326, 26.096705156091133], [95.2240352128596, 26.078759580571948], [95.2220216790702, 26.05950416309402], [95.20255074757819, 26.03060508456512], [95.19409460941134, 26.001284023583562], [95.14817009166174, 25.955902099655095], [95.13538996801621, 25.934876744108948], [95.09552298702143, 25.90800771748754], [95.075157973319, 25.9027205870881], [95.06070900574186, 25.88852272289544], [95.05934338664795, 25.869917713753544], [95.06954145936146, 25.852715539682848], [95.07355274418569, 25.831599307688617], [95.08951464189688, 25.805715077954655], [95.0858636939365, 25.77685317594957], [95.09091079862431, 25.757234014460817], [95.08864727046993, 25.742070391688614], [95.05908862969848, 25.704721709186575], [95.03043174445482, 25.693772506871543], [95.01504865209887, 25.673026952004122], [94.9704613808097, 25.638141749452092], [94.95496595115453, 25.588785050017915], [94.9415420968253, 25.571778237546614], [94.94248833031203, 25.552082968429154], [94.93386866698344, 25.53428369801865], [94.91398374778458, 25.521530844619924], [94.86748098688088, 25.517441228665053], [94.8459889971212, 25.469490459700463], [94.82924160100396, 25.453011224997276], [94.79935579546941, 25.445744063117626], [94.78153077877941, 25.435909044579958], [94.76101247597157, 25.435847955198863], [94.71593684657738, 25.424597083812216], [94.70510385744234, 25.38693139041642], [94.67816977973212, 25.367967791855865], [94.67125749524325, 25.337282338945595], [94.63722148077372, 25.273058286820678], [94.62899419961956, 25.223754039772167], [94.64639208132017, 25.2197668847943], [94.66816514716328, 25.201703032926908], [94.69110141449787, 25.191980310394626], [94.71994858249796, 25.188391352461327], [94.73410814948535, 25.17692797838643], [94.76609203787334, 25.162644555524217], [94.78087011593902, 25.144034492132775], [94.7882395301236, 25.05150550060317], [94.77668597451215, 25.0022355038957], [94.74613887628502, 24.963065574525448], [94.75576786565189, 24.944328189227786], [94.75531388864977, 24.924640087589367], [94.74814153286334, 24.91054673291024], [94.73283909500226, 24.896569368284112], [94.7178189766888, 24.862949749727946], [94.69170035974433, 24.843324427618736], [94.67387150909671, 24.81833299916575], [94.66521338338322, 24.784215639998276], [94.66977045049109, 24.74852651672839], [94.64174045638121, 24.69305582402918], [94.60813902586771, 24.669165895509412], [94.58812810309429, 24.664100743923672], [94.56015196714773, 24.600497852141185], [94.52840432879995, 24.56152361976504], [94.49259071461509, 24.536651962488985], [94.4620682026019, 24.467353991422492], [94.44756587136592, 24.45247474948238], [94.43933580790303, 24.40197135029093], [94.42349839332856, 24.377001961931505], [94.4162608046078, 24.354360843608003], [94.3797275410077, 24.30975239591359], [94.36501523069695, 24.298879879692983], [94.36275471125697, 24.271704073076286], [94.34622762649305, 24.229443648993914], [94.32903869785753, 24.211334329802625], [94.31826038392371, 24.15878119206418], [94.31004267634083, 24.14599112787392], [94.29594947381162, 24.136005216869826], [94.29652232363243, 24.07713826086158], [94.28229574109949, 24.042804397037564], [94.27978532139427, 24.023286621733924], [94.23238432415218, 23.948163916304292], [94.23283713944896, 23.92619488628475], [94.22801283437245, 23.91191667774284], [94.20402041607663, 23.891539921877275], [94.1977671092507, 23.838299869070816], [94.19138287096855, 23.82374097651938], [94.1688528285679, 23.808080989083344], [94.12638583680058, 23.797354297198858], [94.1074358569125, 23.798808899285444], [94.09410796454034, 23.806235423910266], [94.07842393547436, 23.824869418837068], [94.07053877435273, 23.849930993713762], [94.0300519749656, 23.85924346655568], [94.00356490079874, 23.888387802589506], [93.95879299198648, 23.889311875010424], [93.93184423352953, 23.907271687653367], [93.90827251494383, 23.910830712607133], [93.87431911677692, 23.894106940899174], [93.80533260467429, 23.885659197150325], [93.77752505674319, 23.8997515874325], [93.7610089066739, 23.931352540438684], [93.73868917070558, 23.954359239097165], [93.679972138223, 23.96476309480212], [93.65004550928239, 23.961557113869283], [93.62982722562215, 23.936874059686374], [93.61621505726396, 23.927895214244085], [93.5728877949309, 23.92618047253318], [93.54663401621482, 23.919042245401073], [93.52598930750503, 23.904987692246287], [93.50261580057159, 23.90429705860618], [93.48482983272042, 23.91119337817965], [93.43735587175661, 23.9429461173755], [93.42839577443037, 23.95943376906428], [93.42599001366243, 23.982972198723246], [93.40732548909473, 24.00419397148867], [93.39562106771272, 24.037553491635993], [93.38037835273799, 24.044359250488107], [93.37815061604294, 24.002358116076383], [93.39102757427182, 23.974668189232162], [93.42381432207577, 23.955895881879986], [93.4355437087461, 23.93674739515366], [93.4352522053272, 23.839000036482478], [93.44899178751525, 23.806186345510653], [93.44436015964935, 23.76333050937009], [93.45568647366346, 23.72641279720757], [93.47703920735744, 23.698719064595387], [93.48256867166829, 23.680578976952958], [93.48052091210883, 23.66549364128022], [93.46726548736424, 23.64074998429274], [93.47261636839539, 23.58491894903571], [93.46309796960793, 23.55301050373538], [93.4646236086694, 23.52549756465199], [93.44493975097939, 23.491463708831887], [93.44332576344375, 23.457419759332975], [93.43521420159969, 23.425196058568478], [93.45018692981759, 23.39577829065544], [93.45113465737079, 23.375929253733222], [93.42870027279879, 23.336620265731813], [93.41689999690443, 23.325952146789174], [93.41520908364734, 23.3108826164293], [93.41889344401552, 23.28989438971218], [93.41438476720192, 23.265161057202448], [93.43219941434009, 23.22352838543244], [93.4179092680744, 23.170797066578515], [93.42930471199463, 23.146894351455398], [93.43067191183312, 23.128224453974383], [93.42101123903169, 23.108046094241093], [93.39987713672227, 23.091020673410796], [93.39146714714792, 23.052668984817636], [93.36327314314383, 23.009496469334305], [93.34375488522944, 22.98693843549853], [93.31359868987285, 22.96662184028309], [93.29552101951877, 22.962192942665318], [93.23911647771239, 22.964740546310896], [93.20394103414685, 22.989670011899545], [93.18895039299281, 23.01216775398856], [93.17658597326205, 23.007306090072525], [93.1893779094343, 22.948396353191278], [93.20407347885212, 22.928222070990955], [93.2053339751117, 22.908510548132746], [93.19433463495365, 22.887637714126928], [93.17128297768843, 22.871844373110022], [93.15881961291385, 22.843371482482617], [93.15229221865059, 22.80217946223295], [93.14226155690977, 22.78510613591646], [93.15013744992932, 22.737536438539998], [93.13759891315222, 22.70700932906626], [93.14414335797305, 22.678542365867983], [93.15569206910422, 22.653523576284826], [93.17155041055544, 22.63329025332123], [93.18303058466833, 22.585045524084318], [93.1774124803689, 22.56255182551912], [93.16034665325553, 22.546999789580195], [93.16991904913243, 22.526597486928615], [93.16973286983132, 22.50639897864683], [93.17545197105406, 22.488140001284513], [93.2017875198159, 22.47578590361835], [93.2267152926904, 22.43467754259005], [93.23353249790583, 22.384658919020737], [93.23101964655662, 22.366129803519712], [93.24373074715348, 22.328581327527043], [93.23748663719282, 22.304967559408176], [93.24486281264386, 22.24961687233024], [93.23323622210557, 22.228957523567722], [93.2046796980061, 22.210568930874004], [93.20431576690784, 22.182708194617376], [93.19410798504225, 22.15830418892026], [93.18086092498379, 22.145234755625367], [93.15781228200655, 22.135819288364452], [93.12224361120462, 22.136717515607327], [93.10696199850653, 22.142259526641368], [93.09176738608764, 22.15677391308475], [93.08946130542387, 22.147616534257306], [93.10354637053857, 22.114805678136182], [93.10132794356959, 22.088511351183392], [93.09410752984981, 22.07451025819375], [93.08204096454827, 22.0643829198952], [93.04442786042638, 22.05705117597126], [93.03801969005251, 22.041709793147593], [93.04705039275507, 22.015852290914065], [93.04651806279294, 21.979943383453552], [93.03595488327693, 21.95447576033667], [93.01295421528468, 21.939297293517775], [92.99467898944704, 21.935684934948235], [92.9700072515771, 21.943738789871972], [92.95465503026861, 21.959357057228114], [92.95213018941529, 21.936930258212843], [92.94545884830231, 21.923278340506858], [92.91780673216256, 21.905341318068846], [92.89402232958034, 21.906817192496295], [92.87529808007523, 21.921557561962107], [92.86428610243712, 21.942483257083257], [92.85701008696022, 21.987572914450613], [92.83945377612773, 22.00510812565723], [92.83242643048493, 22.022999490548216], [92.79777011455586, 22.046901569642774], [92.7866813836625, 22.061261932933853], [92.75441304488339, 22.073729540311867], [92.73545104657826, 22.089428863698277], [92.72630139447121, 22.056331397666675], [92.7273953066866, 22.03433036997009], [92.71974174851631, 22.00286253448713], [92.70132063652083, 21.979827403484656], [92.67686327579604, 21.972768414366662], [92.6578339351547, 21.955650174417848], [92.61432949864123, 21.939203633461968], [92.58875154355067, 21.945175399563578], [92.57239194367438, 21.9657242990201], [92.56042589356849, 22.004942087543206], [92.55551103061083, 22.067850024541432], [92.52539090213594, 22.122597527581682], [92.53357110066526, 22.155363682258773], [92.54520675403141, 22.169867437931806], [92.55983463203569, 22.17738091312246], [92.56081974399025, 22.19265325051535], [92.55360192546097, 22.210272951339], [92.55271209258999, 22.244537172798367], [92.54057192886175, 22.27099874496111], [92.54287257845513, 22.310180622319347], [92.51748614044094, 22.409305135123823], [92.50797313668143, 22.514099375847096], [92.4900306094929, 22.56040601587379], [92.49026891874304, 22.57632690100027], [92.49679925673854, 22.5910208203983], [92.48712368253513, 22.617185384611822], [92.48125666461071, 22.693248515952153], [92.47634102414726, 22.70963459222996], [92.45659096334687, 22.718642330829145], [92.44289163902559, 22.737165548410573], [92.43042932213469, 22.78575303425582], [92.41746011923203, 22.808224920197656], [92.4201070737259, 22.851911497358486], [92.39950141662183, 22.87301596751567], [92.382596261409, 22.878851310962816], [92.36840190590823, 22.894312176092015], [92.34952252361336, 22.903255053831376], [92.33705138059969, 22.922464642401263], [92.33453728383115, 22.977333805519194], [92.3477362376123, 23.001256239919822], [92.3446539854903, 23.02266028147858], [92.35428882674118, 23.054088823247433], [92.34191516068609, 23.067363591127545], [92.32726110762387, 23.098086908913583], [92.32886122491037, 23.11837769336197], [92.323426795293, 23.138641546241434], [92.32731323514626, 23.1556984208708], [92.31947785289776, 23.18800352889762], [92.31741210213592, 23.234491977029194], [92.32698133581903, 23.260135686309383], [92.35353553737257, 23.274081732083427], [92.33452960319369, 23.317927882144918], [92.33745498520184, 23.346585192665117], [92.32269631268558, 23.371504367899945], [92.31807941878792, 23.392230913884397], [92.30243410997284, 23.40316558047228], [92.29465276204942, 23.416655859251524], [92.2934095830551, 23.444415099913183], [92.28356631350702, 23.464646352282415], [92.28674636572967, 23.4881115323708], [92.27429199051316, 23.524754992302523], [92.27140115849478, 23.564397488791478], [92.25982858794588, 23.57758547702708], [92.24486015331165, 23.61852809573589], [92.22202057069686, 23.612952765820026], [92.19192648704843, 23.62191175646284], [92.17457514268287, 23.646742487663484], [92.17267382525208, 23.6690694729566], [92.16028924623815, 23.674165137566384], [92.11997668485755, 23.63878772021357], [92.1092406707019, 23.620301778832793], [92.09241717250109, 23.610441005169683], [92.04370840520528, 23.607135913242175], [91.99260454964002, 23.628370334490192], [91.99948912527857, 23.609142161244833], [91.99721000329876, 23.57533478528911], [92.0182235117093, 23.48838848163478], [92.01496538738274, 23.465304470519253], [92.0026594479573, 23.450159224829594], [91.98587025671206, 23.44225447163207], [91.98207287900877, 23.42155894997669], [91.96638268597992, 23.40363717149801], [91.94529952694876, 23.395790255188317], [91.91371479959543, 23.39810019682575], [91.88120485975384, 23.370299247104064], [91.87468844875255, 23.351347924715522], [91.85588126237121, 23.323304287250007], [91.84268842706244, 23.312046061794476], [91.81796838319113, 23.270037853513426], [91.83017939063014, 23.241696750447822], [91.83257728832211, 23.21263465533726], [91.84399732249614, 23.19031637763488], [91.85395934093566, 23.135029351055966], [91.86768396000232, 23.121992503952523], [91.873819328982, 23.106655184175313], [91.87158855163096, 23.07889416523155], [91.84764604472238, 23.049054804074746], [91.8241047211783, 23.03172699185666], [91.80915689914066, 23.00532511080933], [91.7829279099782, 22.993528582864265], [91.75156251540423, 22.96284615481346], [91.72609709447777, 22.94893516411293], [91.7037805266021, 22.948795664280418], [91.68559555881797, 22.940387846697202], [91.66804110526508, 22.939332912757635], [91.64601383248153, 22.91253748741406], [91.6235468584669, 22.90423101194677], [91.59930463264223, 22.908483103913618], [91.5780818198704, 22.930051420739545], [91.56326841692037, 22.933305953563146], [91.53530558611753, 22.948989585644682], [91.51201726551066, 22.97648586728639], [91.5065577917051, 22.990510359915685], [91.50709978055184, 23.00773289677464], [91.49090974751086, 23.054229160791174], [91.48969743430267, 23.076681859304525], [91.45653818959622, 23.141972444226823], [91.454374172998, 23.161000959182758], [91.42984882719348, 23.192073224829425], [91.42695237784622, 23.176326247736558], [91.44766360250291, 23.1075671106827], [91.46083506522164, 23.07924868721415], [91.46080650115603, 23.063581557211084], [91.45476247092161, 23.049127164212265], [91.42936952586045, 23.027177996044273], [91.39275312407366, 23.022232910437808], [91.37341383319699, 23.02739693370134], [91.33733755673151, 23.05278778835776], [91.31712521965059, 23.08438676694749], [91.28961636793741, 23.152888211642587], [91.28769561377904, 23.220390741671252], [91.25550991467723, 23.311465298797746], [91.25951092065108, 23.343226112560302], [91.24882167467719, 23.36203626382107], [91.24054672138622, 23.397451300848996], [91.2228366554373, 23.43212476930002], [91.21554338841452, 23.460238417284277], [91.20117455612393, 23.466967039659476], [91.1760647897448, 23.48962617550464], [91.16687914338091, 23.510369263171874], [91.16664926853537, 23.52924084984346], [91.16027158502705, 23.545553120099214], [91.13076346984165, 23.578019184839334], [91.12354086484596, 23.596334780078152], [91.12226199672213, 23.671057754952486], [91.11256183376281, 23.709481227787805], [91.1157970697235, 23.738037476256682], [91.14428986246618, 23.781375143432832], [91.18871674923858, 23.792061102040943], [91.19766811908381, 23.82273585331543], [91.20881512344006, 23.84134148383342], [91.19341659605256, 23.88164644502311], [91.20173144873006, 23.941132239039028], [91.21457809944306, 23.9574687957213], [91.23041179002647, 23.96657095499579], [91.25295564732619, 24.00467290186041], [91.26459926716466, 24.014782790765576], [91.29699794568673, 24.028149383136093], [91.32169676977655, 24.03241553376462], [91.35006780387558, 24.02638836719177], [91.35920463238537, 24.041084175354655], [91.34524938515527, 24.06273645546011], [91.3421222925706, 24.106593212827633], [91.35266057373778, 24.132038786422985], [91.37949525256735, 24.148129901273197], [91.43204569029267, 24.14859594152271], [91.47573246553264, 24.136739168291506], [91.50916681924002, 24.13431550832801], [91.52742791185464, 24.121746907344416], [91.55392661968908, 24.116515526139924], [91.57101908352196, 24.119479074065524], [91.58575391442484, 24.131553517711357], [91.60098931264628, 24.135381847820643], [91.60164740253573, 24.1547897586089], [91.61832518991635, 24.20085477897917], [91.61462582097303, 24.223302543645673], [91.62128140018118, 24.24181540043029], [91.64948580534521, 24.266589639454963], [91.66428043396553, 24.272473491846302], [91.6919103233292, 24.268676264659714], [91.7104192246987, 24.251762795231077], [91.7254042455272, 24.276559985892362], [91.73971127916757, 24.28354997058201], [91.75561161108423, 24.284404688364653], [91.80593571995479, 24.26225501642458], [91.86100017221578, 24.263032821747153], [91.88081820312716, 24.250780901793654], [91.89228571928822, 24.23411000108368], [91.9034224135494, 24.27475580718952], [91.88810415726907, 24.31447193562932], [91.88794904211123, 24.340175930783666], [91.89963279229296, 24.367343965541988], [91.93504770267968, 24.38861110636891], [91.94065899221424, 24.403947810295715], [91.95136282552501, 24.415329500862686], [91.98582218090515, 24.429300672017757], [92.01143548451175, 24.432644638906435], [92.05182972692984, 24.4165677034672], [92.09032217502353, 24.414633512537858], [92.10574736759033, 24.44355298808242], [92.1207884921445, 24.457137504309184], [92.11429155051324, 24.504783988136314], [92.11756172463899, 24.529012351953206], [92.12669551381255, 24.54850741631782], [92.14186379549753, 24.560891404451688], [92.16496702544802, 24.567122157766278], [92.19340033344386, 24.560654743233385], [92.1816009867557, 24.6030952432304], [92.18544234460707, 24.62250425226135], [92.1969195784802, 24.639077059965746], [92.1881910748464, 24.658616359081492], [92.18684312738384, 24.6872700957188], [92.20743522426272, 24.725625893614783], [92.22931175884212, 24.740291996102194], [92.22451014883147, 24.76554014118011], [92.23241141514565, 24.79602697637238], [92.21241368023152, 24.81382957474777], [92.19744162185289, 24.85501610841406], [92.19668328388012, 24.87140357174945], [92.20567008369909, 24.89140048025006], [92.20376882357085, 24.90715166195595], [92.210000046356, 24.925586307118014], [92.2241926933764, 24.938899197495537], [92.24642753412425, 24.946859040945736], [92.27883643150332, 24.947996713103322], [92.31277049897977, 24.955921522722093], [92.33416311408483, 24.946207533600074], [92.34593015146065, 24.928970018322005], [92.36879751180022, 24.927967358611266], [92.40502713785436, 24.903032861066276], [92.42145436536725, 24.90200851276275], [92.4335740799265, 24.908520950976293], [92.41614269139473, 24.932455170179878], [92.38479014794645, 24.960991021144423], [92.3800411143911, 24.97648739445254], [92.38174970873945, 24.999378975457176], [92.36105219509083, 25.00831657320107], [92.3355080060719, 25.01142208734659], [92.31334425367645, 25.03133629517734], [92.29073137975422, 25.032655504852777], [92.21522468903969, 25.06043370890991], [92.18476072108196, 25.082180486073028], [92.1647509014863, 25.085326825988847], [92.11754324268298, 25.1086805153927], [92.1000668242072, 25.13199191475747], [92.06509286710202, 25.144735056911227], [92.04846882041039, 25.141684819035348], [92.01773010002417, 25.145236907154935], [92.00175055343963, 25.134103804850724], [91.98588178668794, 25.130974144844092], [91.94565310182989, 25.14210278400516], [91.86602989014801, 25.134602321433654], [91.84545788085588, 25.137029562904285], [91.78092754789219, 25.12677741824692], [91.7581753268398, 25.10963146968256], [91.72551847234493, 25.111644875234674], [91.7102191469943, 25.10201984848167], [91.64743934968675, 25.083817466587107], [91.61424153877314, 25.09395037124074], [91.57629934295265, 25.11749792317473], [91.55818271838613, 25.10912800831298], [91.52523851824597, 25.105739811467032], [91.50230285759935, 25.094596688227245], [91.4677162095341, 25.09603414366228], [91.41054446160547, 25.1257728441549], [91.37312004751165, 25.12705512812477], [91.35368998057342, 25.13473721378384], [91.33379701390936, 25.133786240885986], [91.31082817950652, 25.145206830432286], [91.2802094694285, 25.148959880386887], [91.26581980116192, 25.158474533300065], [91.19770869240703, 25.159144371292566], [91.13857200864648, 25.15238769181931], [91.09155857682701, 25.159591367879035], [91.07487008667121, 25.152418656610738], [90.97935895840236, 25.132592751617004], [90.87283416225922, 25.119093428140694], [90.81543629739835, 25.1235783924072], [90.79094949423333, 25.135636616929315], [90.73638728547401, 25.114142437409495], [90.71200754875697, 25.12140182249903], [90.68726656010186, 25.120233719758478], [90.65343839866928, 25.135290806927973], [90.52001844015562, 25.128120891607526], [90.44467398162314, 25.103335984434654], [90.36617547063075, 25.123768275095703], [90.32204806853768, 25.14917808582792], [90.30076887851807, 25.14724596222037], [90.27371746982725, 25.156141570902506], [90.21020849803212, 25.16327781467818], [90.16334499120309, 25.18151089521352], [90.1018731507716, 25.185966716262598], [90.08308255455874, 25.198799547199627], [90.05614545848076, 25.20824997330246], [90.04093169133175, 25.22088444340046], [89.96612266362497, 25.248873772347373], [89.95264627306985, 25.259710612425604], [89.91491445228789, 25.262798219702205], [89.88025262116344, 25.246809165645473], [89.8290536065835, 25.25643507046556], [89.81467554869221, 25.262773627196793], [89.80190836401052, 25.27760477750582], [89.79777890540252, 25.29276569508245], [89.79997416615538, 25.309926304621698], [89.7860143601706, 25.332054868143103], [89.77681679743411, 25.369428741639595], [89.78165080889117, 25.403549621462435], [89.81503447933214, 25.475026288645182], [89.82121484576894, 25.51799575977685], [89.81661324904655, 25.543178445832837], [89.82404445430859, 25.56128651358956], [89.83709647861934, 25.573129107002806], [89.83429785913145, 25.590847389537558], [89.84128458329424, 25.619996824091487], [89.79171373380107, 25.717069510172404], [89.78916777097558, 25.749421159708394], [89.79935191356759, 25.76972436864308], [89.77905255118358, 25.81302447705367], [89.7817108295796, 25.83195455283783], [89.79699052342211, 25.853907708692304], [89.80279282484706, 25.89113459091002], [89.81591818463508, 25.909990209990834], [89.79646653388309, 25.9271718770511], [89.79146757380755, 25.942286433898616], [89.79286516306585, 25.95845982229695], [89.77994559306542, 25.979016601686336], [89.76270299205092, 25.99008200234788], [89.74218604671435, 26.018738753957354], [89.73906589449469, 26.042047618282073], [89.75076581832703, 26.067344930542255], [89.730372388083, 26.092519890766443], [89.72520586729725, 26.116033905304516], [89.69926383160694, 26.115004392282117], [89.66990450484087, 26.131755484509927], [89.67882730855645, 26.099081531159694], [89.69245192702432, 26.076726218179108], [89.69053808115441, 26.053545625199064], [89.67605087880263, 26.0353488214979], [89.62631998719948, 26.01028111168806], [89.63001966042825, 25.989949961869243], [89.64547266309839, 25.978384488872962], [89.65324185678247, 25.965231958167152], [89.65551404820846, 25.950126112259305], [89.65047583761032, 25.930390197163174], [89.63965444839229, 25.91388423619391], [89.61880356289628, 25.901111112375617], [89.58561866277016, 25.894699577758313], [89.55720268502807, 25.90493036986786], [89.54180487887207, 25.930736165933133], [89.51634877953742, 25.946571372951592], [89.50854638798391, 25.964666670492175], [89.47607063820534, 25.95599978812125], [89.41794843208763, 25.97773067599662], [89.39449278352934, 25.968944436571913], [89.34830669719352, 25.972274881816258], [89.32259820402886, 25.983483978836873], [89.30100630431848, 26.006131532041703], [89.26530767736888, 26.01680371053395], [89.23883018482094, 26.034142489269456], [89.22681886079387, 26.048680987985943], [89.21967478869605, 26.07546066746769], [89.20654634786132, 26.087879194168853], [89.16474270595555, 26.093176558846316], [89.12976800460535, 26.11520913377342], [89.10265486445438, 26.17345471564615], [89.10080940419883, 26.196466888426123], [89.10778188851445, 26.216055139699282], [89.09517994289169, 26.22958328768112], [89.0728581282175, 26.208142163452532], [89.05031638025547, 26.20111769935304], [89.02858697458149, 26.206812682346403], [88.9645098170787, 26.20194317374304], [88.92404865830434, 26.227586336911106], [88.9163963581248, 26.211847525009194], [88.90075850423112, 26.2000261655452], [88.84262991933223, 26.193440992987046], [88.83091168980849, 26.164103803813482], [88.83259985056831, 26.13412517438574], [88.81571735668844, 26.101014379667088], [88.79513073927153, 26.0911622359177], [88.76209526604231, 26.092335146111306], [88.73983939374949, 26.106361682813088], [88.72567555225551, 26.136858247054768], [88.70597081168721, 26.138762496372234], [88.68138592168394, 26.152175024849033], [88.64456735600555, 26.21343787741249], [88.61900956729183, 26.22378565386843], [88.6010133670618, 26.24958019259409], [88.59890016912652, 26.26833094288784], [88.60620611125043, 26.30377111969813], [88.6196177690459, 26.318190259855875], [88.64032087319568, 26.3246165269828], [88.64622511208994, 26.341227233703943], [88.65860395942404, 26.35352291395348], [88.64782920077752, 26.376994344330267], [88.63387820301335, 26.38305060424393], [88.59952395508878, 26.41332118538094], [88.55520373142843, 26.42200239820628], [88.53420832607179, 26.44248078098387], [88.56040633567042, 26.411720931770276], [88.57211010147235, 26.382272175768385], [88.57160633111042, 26.362656056842614], [88.55613758873596, 26.3289683023592], [88.52007867202268, 26.307787402882937], [88.47377231702829, 26.313751293243175], [88.4400141262776, 26.281880677465978], [88.3973001332183, 26.268921571272728], [88.39390984993696, 26.262857738936333], [88.3979579572898, 26.231536974802644], [88.3899673896794, 26.203960657909725], [88.37994418424073, 26.191122947521077], [88.34046912623148, 26.166148139623758], [88.31673488371707, 26.166312512406254], [88.28918098966965, 26.154306243069918], [88.26751207747316, 26.15242306126142], [88.23235412903256, 26.127377766033405], [88.21818484091176, 26.122755207960875], [88.21103525741471, 26.098533825414354], [88.22263470284324, 26.083473896713983], [88.22616442075045, 26.068269449602234], [88.2179144250652, 26.04264701722313], [88.22188088365272, 26.02642386773349], [88.21923569971193, 26.010996392689854], [88.20802170232504, 25.995050162032154], [88.1873295161472, 25.985017452373175], [88.16595173331314, 25.95009800487209], [88.16180822613981, 25.9248501316716], [88.13984640672274, 25.90083560031546], [88.15860537260686, 25.862245451646178], [88.1583858110384, 25.84685513036737], [88.15094371274807, 25.830784018605073], [88.16193379784073, 25.82704361200189], [88.17698098474604, 25.833655613854052], [88.21747719127264, 25.83582413347654], [88.2309333614381, 25.84341818133987], [88.25909386363894, 25.849230896602307], [88.29791129751746, 25.83870601014463], [88.31046755822368, 25.824302851257553], [88.31640358969072, 25.801803865544386], [88.32408887832686, 25.792527206062154], [88.40076273153248, 25.7454117624257], [88.43512048236616, 25.707843514997], [88.46968995568716, 25.700259254752204], [88.48536323105266, 25.690027772514444], [88.49555179448538, 25.67011428365679], [88.49875687691623, 25.621302007496553], [88.52526495887976, 25.610073170584357], [88.53437208863937, 25.597301793153985], [88.537972309828, 25.578201309101612], [88.55890236964169, 25.569979132082995], [88.5729866626826, 25.55419106377707], [88.58854532669424, 25.549768969700303], [88.6062996902566, 25.5544922041473], [88.6216023407748, 25.551881132616042], [88.64074211233736, 25.538011790407232], [88.66203282343146, 25.532095664147004], [88.67654997343789, 25.51686247663829], [88.69241506537482, 25.531543115714687], [88.7274217309523, 25.539609143336193], [88.73986926928642, 25.553755550451847], [88.75437911575094, 25.560069584310565], [88.781669943155, 25.557091294016853], [88.80262748524507, 25.562459109924546], [88.82438253697119, 25.555526135791524], [88.83517040940326, 25.544618810480966], [88.84642983914891, 25.519467880467463], [88.86342558556835, 25.509357352090422], [88.87424911836794, 25.492431247650448], [88.87605846428752, 25.419544665411514], [88.88337202683442, 25.406693327514496], [88.88573590820832, 25.388222766184004], [88.89962837385055, 25.37741037766637], [88.92425927058541, 25.370869656940407], [88.9399468021019, 25.35291704547069], [88.95242804875795, 25.34673818326956], [88.99179389443906, 25.34566825100407], [89.0269449753388, 25.33353204415134], [89.0417558440125, 25.316101458033106], [89.05153690499395, 25.275974903332017], [89.04978080200519, 25.25268210759918], [89.03844390702213, 25.236750666030925], [89.02090989750259, 25.22809650353714], [89.00065241025165, 25.228722285115516], [89.00193476047929, 25.197910823366882], [88.97931683183634, 25.153962429026596], [88.92787420284306, 25.12658595417283], [88.91264585973764, 25.126342654784352], [88.89239785202186, 25.13643475095498], [88.87078521214416, 25.1378810441651], [88.84733597884228, 25.15389132178616], [88.8284584506861, 25.139023183122955], [88.81431163623621, 25.134313629967547], [88.75129673847849, 25.138691291335864], [88.73640863971762, 25.144041523652174], [88.70962784919395, 25.163883336745034], [88.69097438278372, 25.168283371845003], [88.67168745666284, 25.16343334385], [88.62698303913814, 25.16487246688598], [88.60845449147651, 25.146538019270185], [88.56885313516923, 25.134655877184958], [88.54869616325814, 25.138994937022403], [88.497960619325, 25.161917522229267], [88.49975173568632, 25.126651736911228], [88.48954899681438, 25.104581192245586], [88.49390844163113, 25.075969678178158], [88.48728131550475, 25.05462634357838], [88.49026102978779, 25.019578016879514], [88.4745326076305, 24.98635516305862], [88.4539104257428, 24.971260328626446], [88.42919104806313, 24.919089259663963], [88.41031014715907, 24.90598332288502], [88.38652034830947, 24.903726084721857], [88.38569402551845, 24.877348619693258], [88.37886093417733, 24.86215716837405], [88.35688777538975, 24.838728951987793], [88.33556832522292, 24.830863265264107], [88.29168867050151, 24.84203115992427], [88.26761657873702, 24.83720065956731], [88.24305725246987, 24.845649702269153], [88.22865667668125, 24.864552455612134], [88.22503073077925, 24.90253288537088], [88.2170034382432, 24.91596542663087], [88.20611379817232, 24.9138965938446], [88.21695953076872, 24.862457466658654], [88.21148477166955, 24.839418928376247], [88.18099259896734, 24.81452075732787], [88.17858502813318, 24.791762976322534], [88.16929196635002, 24.77504792394437], [88.14377571740738, 24.76250466256245], [88.13327251271868, 24.74957696793493], [88.11383187651653, 24.739817395640884], [88.10223290907425, 24.70079562806355], [88.06867413675701, 24.66901066499057], [88.08574066486469, 24.65149593934328], [88.13464191994137, 24.5716693453259], [88.15715952574014, 24.549351907726535], [88.19601423876551, 24.527916322305902], [88.22454861676033, 24.495390612278968], [88.25389861799718, 24.490632148736594], [88.29617291039084, 24.47304947356706], [88.33292684360121, 24.435154266485128], [88.36028261978426, 24.414930949466687], [88.37677110766354, 24.411126782665765], [88.42723867188829, 24.419656446927167], [88.4528223722064, 24.415774028770095], [88.52000940808924, 24.3833871401237], [88.5450567569672, 24.37818420625975], [88.56377819866705, 24.361797357907385], [88.58564386446794, 24.364306058292218], [88.64715824782947, 24.350340129844724], [88.66382012375362, 24.354431099423095], [88.71551908757755, 24.349572825206486], [88.75539807570797, 24.326265126829227], [88.77792694767506, 24.285783679300195], [88.78184340683076, 24.261769110373702], [88.77508505478896, 24.183072548555746], [88.78489023368786, 24.166002167648823], [88.78888590248096, 24.138416738496392], [88.7833449644137, 24.11990118253465], [88.76871821593018, 24.105114460829764], [88.76891851718553, 24.090083826538685], [88.77994002415504, 24.07200652203729], [88.78210907598913, 24.04469040141623], [88.79596139918823, 24.03182024071208], [88.81184470105826, 24.001467142999893], [88.81300629631177, 23.97474042385553], [88.80306977954378, 23.95820439232134], [88.78519338031701, 23.947895813779073], [88.7830385385976, 23.922370857978677], [88.76095423552295, 23.88403421870265], [88.70270225674707, 23.85321028671045], [88.68143445961084, 23.83468458488908], [88.64501308735782, 23.825269870181963], [88.64246113662956, 23.803256119768697], [88.62229719988758, 23.7725045155807], [88.61063710991013, 23.708182718345576], [88.61748516394812, 23.672467080604886], [88.63500091461746, 23.648090169146776], [88.65539809775406, 23.649596324639877], [88.67644381714472, 23.638883552478024], [88.6867872775806, 23.622035077867398], [88.69567842104689, 23.58246157175937], [88.71646621435765, 23.569121483280234], [88.72809004070886, 23.550452646067548], [88.74865183606754, 23.54637038589837], [88.76290136280448, 23.534449404697238], [88.78462620768659, 23.539837372360036], [88.81519969322937, 23.53483345963413], [88.83115829509832, 23.524422672594138], [88.83928206466962, 23.511461689517496], [88.84295933287646, 23.476371810823363], [88.83353852825981, 23.453522669246563], [88.8327533515462, 23.43233247202109], [88.8228755949141, 23.41554417485675], [88.80326456317933, 23.403945757670396], [88.79915214388481, 23.39017653988205], [88.80508415245285, 23.35699831254707], [88.79914385258834, 23.34213551545274], [88.78856778461083, 23.331320712260446], [88.7885365550512, 23.303572435314944], [88.77536110369142, 23.281777373301587], [88.78362578244669, 23.28007286535467], [88.79937835722995, 23.29012223246231], [88.82363101428633, 23.293391502634833], [88.85161791775124, 23.283172544444458], [88.86569261472178, 23.271841223974953], [88.92696026146751, 23.27111344665505], [88.95326256650881, 23.252701841477663], [88.97031881683134, 23.262528685417937], [88.98979087730063, 23.263870718216317], [89.02254525262163, 23.246216537838215], [89.03670232050914, 23.2240027725347], [89.0354385381178, 23.20134615637635], [89.01682678832125, 23.159530099264718], [89.00124345933148, 23.147219490389148], [88.97559905529975, 23.14284906390892], [88.96969009836735, 23.122203026454], [88.95374604096631, 23.101957897849594], [88.913523324292, 23.070891831415025], [88.92237619994314, 23.043694486054218], [88.91290977240038, 22.99057874569416], [88.93030383855323, 22.977566850800226], [88.93846098909673, 22.95511606302018], [88.95299780169417, 22.938706335697564], [88.95683678378298, 22.91949118375243], [88.98084038244976, 22.904485411876358], [89.00899833918763, 22.856260759574837], [89.01032172466103, 22.841602783626282], [88.99848417628358, 22.782302631113087], [88.98729216609769, 22.76673127327957], [88.96289500447624, 22.752238879514586], [88.99416784673822, 22.717824734613558], [89.00180610651772, 22.69923454125648], [89.00072126534798, 22.683129909285125], [88.98505715002351, 22.64355889655407], [88.99500204893101, 22.62647347031209], [88.99716571821175, 22.605366022617176], [88.98412239530458, 22.5804399854369], [88.99720626387011, 22.56321090596535], [89.01369750729481, 22.504635458437775], [89.02889818581033, 22.48902110731765], [89.03438415278096, 22.474794562369727], [89.03203999977126, 22.452194093102143], [89.0385285267151, 22.4277256099402], [89.02729693552192, 22.402477995569278], [89.02740979796413, 22.352235581663393], [89.05980377445684, 22.313674218572185], [89.06149300856208, 22.284690011072957], [89.07006354480458, 22.27075564377619], [89.07453497935481, 22.246260948296058], [89.09930172912182, 22.221771198044774], [89.10889306318714, 22.193729734368763], [89.12822945051607, 22.179054018109507], [89.13583125094559, 22.16085971536637], [89.13381698683477, 22.14124434480727], [89.12035244248251, 22.119135204960894], [89.0723785548299, 22.08975130398316], [89.0762087553972, 22.06823840596401], [89.11098933541602, 22.018313364409096], [89.11772303720177, 21.980800934854663], [89.10790520941073, 21.940833739006987], [89.09417978029187, 21.91159091139256], [89.08085902076473, 21.897987566359863], [89.05985050188832, 21.89111444666613], [89.06839460344882, 21.872130471788477], [89.0698285630178, 21.83092773896125], [89.05462519208821, 21.79370585143771], [89.06528603148907, 21.769341150471522], [89.09204104201676, 21.74886926323825], [89.10979661815219, 21.70940476914834], [89.1300761099432, 21.678968213733082], [89.13487383693736, 21.640329703086394], [89.125529989898, 21.614354694586922], [89.10129480254993, 21.592501924997727], [89.05853888389278, 21.57818527194625], [89.03698264300894, 21.565675849378025], [88.99239321132588, 21.562401759289326], [88.97170402329948, 21.573414513571567], [88.93510224837222, 21.583461621422778], [88.94333135261833, 21.560547247893837], [88.93904621117478, 21.537279340736383], [88.91746986030604, 21.516999219282116], [88.89804755583035, 21.510375856975113], [88.87360058704814, 21.508926727402805], [88.82931495456589, 21.51622246759632], [88.8135290350396, 21.526604660240654], [88.80220659298476, 21.543303624654037], [88.7355237935536, 21.531673187928416], [88.69566011463104, 21.543020367555286], [88.68176621453144, 21.555269615895828], [88.66819724700036, 21.585371330498543], [88.67453031228749, 21.63604587236482], [88.66979163632068, 21.641060124409808], [88.66014519383103, 21.622557403820306], [88.64355580185361, 21.61145132994829], [88.6265673242934, 21.588882225135603], [88.6219625671203, 21.569639116479802], [88.60425067092889, 21.54631343636416], [88.5686251788039, 21.52802579736182], [88.55589078090124, 21.510883876633063], [88.53758541185073, 21.502982328347958], [88.49673675483075, 21.502224970413096], [88.45831471457855, 21.522278389555424], [88.44306278886698, 21.544396347985916], [88.44402974729628, 21.575078103841502], [88.4112428786376, 21.55760326202049], [88.39184641331859, 21.556133490085386], [88.37405017565436, 21.563986962018955], [88.35632928165776, 21.58609128829084], [88.34606887580534, 21.582117112515377], [88.34084000377344, 21.5634891702657], [88.32424482542618, 21.539847205983005], [88.3055606280798, 21.525545180046077], [88.26556970550779, 21.517918125697307], [88.23313048910396, 21.526890807790693], [88.21909575320096, 21.53665115668368], [88.20532811643311, 21.524618682520934], [88.18638828098307, 21.520000985099216], [88.1675151250125, 21.524884066100327], [88.14299548438265, 21.54195132182889], [88.12791302985467, 21.588807926975676], [88.10231791847136, 21.58642425840254], [88.05211433356858, 21.598409102786107], [88.06054251118137, 21.56711569347958], [88.05410034502916, 21.544896559009384], [88.03643409727997, 21.52996018957763], [88.0096434513869, 21.52818320884237], [87.99284419607775, 21.53781306193303], [87.9816819346536, 21.552824343665996], [87.97665874107825, 21.58977012469165], [87.99054737935298, 21.612666592753488], [88.01280397750352, 21.62152070033577], [88.00333837628597, 21.63771509323621], [87.99686385582976, 21.67102748274743], [88.00577479851283, 21.728709936268682], [88.02534052288281, 21.75515459231902], [88.03648639794143, 21.796836242931324], [88.07473200155721, 21.863763345576167], [88.06990837707485, 21.875355828083936], [88.04918566985441, 21.87171908222718], [88.03167659539473, 21.874865387352894], [88.0069925382531, 21.820548371051395], [87.98756582025145, 21.79921805568591], [87.99867178130138, 21.779103053775305], [87.99714062472216, 21.741380321528304], [87.98636335982653, 21.725818088220294], [87.96193420851174, 21.70873266094105], [87.9318118896577, 21.70370139364232], [87.9086820283551, 21.71305273870109], [87.8822057038765, 21.70448861273515], [87.834386315754, 21.666147221870197], [87.79839764985972, 21.649368656651596], [87.77375770359585, 21.644727788730282], [87.7502655925713, 21.623476393675496], [87.69177879245731, 21.597631439808396], [87.48242006749098, 21.559603706898777], [87.46093912029771, 21.547155164599257], [87.43754144972266, 21.51578825656671], [87.40635040422765, 21.493384567095617], [87.39056387614495, 21.492621644997794], [87.35645362071094, 21.50112805943482], [87.24299111907766, 21.497667113328454], [87.21744889663022, 21.4922704396882], [87.15118106579351, 21.461227694325444], [87.11531572317918, 21.42837524796188], [87.10037105944974, 21.42142981624726], [87.07688203802712, 21.39688648578507], [87.01036461935077, 21.35643242473587], [86.98299742917513, 21.33222687886009], [86.92592642419929, 21.231723371611842], [86.89961900068491, 21.200059383071288], [86.8839126238335, 21.156499025321917], [86.89287297999813, 21.106952526493647], [86.91074676105589, 21.06243634448821], [86.93418999414376, 21.026538654269018], [86.98830396799339, 20.91766635694894], [86.99716727928228, 20.904664709317128], [87.01773657430675, 20.897091378199903], [87.02998719691674, 20.88250258696941], [87.03527126929089, 20.850491759344973], [87.03183006398862, 20.83109757737997], [87.04066001354417, 20.81326652639693], [87.05216485775813, 20.826191893740656], [87.06638777020612, 20.833043203766124], [87.08604846209889, 20.833081804811048], [87.10029816798719, 20.826286396827353], [87.13239317507, 20.776986105152112], [87.13488928030331, 20.753986479746178], [87.130667419631, 20.739269764978708], [87.08151362639867, 20.679815066716888], [86.95477255041543, 20.598813303934087], [86.87974980436792, 20.542026742329547], [86.83306186053755, 20.51374178623694], [86.84940768719922, 20.477175184797627], [86.85127518396084, 20.440258079717772], [86.84387312973466, 20.415840112863048], [86.85142971706209, 20.37733715850741], [86.84139320256601, 20.34836450090816], [86.82557822558906, 20.33388023171406], [86.82414033241582, 20.319309004849767], [86.81522043915695, 20.30111544610842], [86.70839294268569, 20.23851687737178], [86.69435892033728, 20.224109288876846], [86.6280988931046, 20.19239126128525], [86.56722746913923, 20.15125722307888], [86.51088445063168, 20.06647222289134], [86.47456691698, 20.028014712645028], [86.45890089900568, 19.978369092351755], [86.42792269571211, 19.952771163830782], [86.4147641102985, 19.932608744090413], [86.38755462037246, 19.913623108224783], [86.31218158128623, 19.896483295361904], [86.22143328888208, 19.849197318617612], [86.11986122365226, 19.82336772754592], [86.10199502177964, 19.81503607252512], [86.07863613717043, 19.81291961401657], [86.05434765159013, 19.802485375063235], [85.91892138138283, 19.78112865055021], [85.71239136753351, 19.714472809056538], [85.64576737830775, 19.677606255519358], [85.46231431037361, 19.59639626854752], [85.3572137785764, 19.540746485657497], [85.23739941403906, 19.461479532296362], [85.1336153632287, 19.379886022239383], [85.12421390776113, 19.356641304764217], [85.11381649557967, 19.345293529762994], [84.98929715495964, 19.27065704281818], [84.9412806574784, 19.235348450784883], [84.85567334582714, 19.148573741389697], [84.83471187752883, 19.118571107230604], [84.81652485466773, 19.077727382604756], [84.7770418252945, 19.013370676956587], [84.7424440783012, 18.97688895436631], [84.71809608599689, 18.938566555694234], [84.65168670418824, 18.878618704601863], [84.62056213215341, 18.841781625224097], [84.61446698484761, 18.82308041228962], [84.60406693566564, 18.81122260945553], [84.58474506799423, 18.758223952659304], [84.52201531630062, 18.705720917580617], [84.48319676569504, 18.6566926715807], [84.47200866957142, 18.62919026201135], [84.43795621530364, 18.60534415567318], [84.41883932991927, 18.585107065103525], [84.37683517991618, 18.519585970318996], [84.2485707666905, 18.412309594379646], [84.18003984737655, 18.342955347369454], [84.167218934764, 18.324957066324053], [84.16168383229626, 18.29470138161391], [84.14369737590896, 18.270049026125008], [84.09793592129377, 18.245359564826153], [84.0769797126133, 18.22828225778556], [83.99664390262934, 18.195232460841286], [83.96822446018167, 18.17612976077623], [83.9102856013786, 18.15744304420043], [83.8858421852012, 18.134414510413375], [83.79227542276588, 18.10202684040488], [83.72427101648383, 18.067619654764012], [83.69121336250008, 18.03998503922948], [83.64236862926093, 18.011743899536967], [83.60230677051868, 17.977143977249675], [83.59658949126867, 17.954751047558936], [83.58262136178567, 17.93435940462071], [83.49307538310639, 17.875005717482754], [83.48644855374036, 17.8575835993327], [83.45911520009535, 17.829544023163546], [83.45478944029611, 17.796598386228602], [83.44771601584043, 17.782640028667686], [83.40697871769333, 17.739870394797276], [83.38824162729249, 17.726399352932845], [83.3684632595074, 17.685785885122918], [83.33551512082565, 17.666723163062006], [83.32005810592727, 17.63561657577019], [83.26980232328799, 17.59667805209219], [83.26235647541068, 17.57944148975075], [83.24235550475433, 17.55864772363652], [83.16375126092944, 17.512740977069583], [83.1107891381094, 17.499224142622406], [83.0602903423731, 17.479659114915208], [83.04286124354012, 17.470481349785146], [83.03457722841081, 17.455711677719133], [83.00841408797888, 17.433740355605636], [82.96105133138848, 17.416135745855403], [82.85437810667705, 17.362249584646822], [82.76994707459917, 17.329785638153247], [82.64337717582198, 17.260543558403114], [82.57196834354211, 17.21525126440283], [82.47207011212483, 17.134126918308883], [82.35339789183723, 17.019843985016834], [82.38296215174678, 16.997002630669535], [82.40539793860376, 16.953520740886738], [82.41514658362581, 16.884476703300482], [82.41564462214825, 16.84274171306615], [82.38903992300122, 16.746071468627164], [82.38969654139687, 16.735242639783277], [82.40549423931125, 16.71535416411606], [82.40680481029125, 16.692584988239428], [82.40049608873336, 16.678620760409363], [82.3693355007662, 16.64233439721273], [82.37606305170917, 16.616191245495365], [82.37062684453396, 16.568292945342428], [82.33558689730074, 16.52160549892933], [82.26268807279429, 16.50411996277057], [82.16520734542885, 16.45045430847455], [82.04076450123144, 16.395193091844565], [81.98205486168867, 16.358954444646567], [81.95952543922718, 16.357037624664745], [81.8685922437179, 16.332842202278542], [81.74338756273431, 16.2715201092451], [81.72026027151473, 16.26445069493358], [81.70468097830127, 16.262967905365457], [81.68605537426576, 16.268111297696272], [81.67283001291142, 16.277193497357626], [81.66385142838969, 16.291934757185253], [81.65168091015131, 16.296644232149475], [81.58507545738185, 16.302570048447805], [81.54931852714708, 16.315715862115056], [81.4104244443936, 16.297500567176783], [81.34414045677389, 16.27033711298397], [81.2976666451429, 16.244909759958265], [81.25540028022627, 16.203042291349416], [81.24952473272633, 16.1913566608501], [81.2229211193242, 16.07194811933418], [81.18712465140591, 16.009834173668494], [81.19283119770343, 15.97346279872108], [81.18770091488608, 15.955129987836132], [81.16635883865602, 15.931562017013373], [81.073464644939, 15.867959930311098], [81.03780274070724, 15.8170319667346], [81.05156236915359, 15.777890683973997], [81.0417386886868, 15.74244797986873], [81.02818461824177, 15.72850678669642], [81.00637986160477, 15.722558368216578], [80.9606128948194, 15.691124449625361], [80.8844494582071, 15.68234710595686], [80.86591153440273, 15.670731533959064], [80.84222444266106, 15.66679315755807], [80.78300373253131, 15.682178205096687], [80.76979449466654, 15.695505381347845], [80.76411613537336, 15.713389839056568], [80.76512537571043, 15.754954204892126], [80.7724597755378, 15.773556304394356], [80.77532709556611, 15.805066771185821], [80.7721764017311, 15.815179817640754], [80.75924274939962, 15.829451376802297], [80.72756684134012, 15.845781829558701], [80.64837602461051, 15.838912366676754], [80.61390131272813, 15.828489555396306], [80.58696627237197, 15.82681238610572], [80.53969229335797, 15.810511682062184], [80.38411414871508, 15.731638387969186], [80.3096426620724, 15.65766736765501], [80.27709747115085, 15.599303529785528], [80.25998233265032, 15.531552543609006], [80.24823151334193, 15.5083258630639], [80.24875560694375, 15.484628616436298], [80.2324518683743, 15.44462067392307], [80.16336868542635, 15.357533993451728], [80.13929382887761, 15.3173854416053], [80.12138048089622, 15.263190505061683], [80.12727278859349, 15.217140828788528], [80.12318769222708, 15.188541593012797], [80.11037192598049, 15.165441301571416], [80.09050247945159, 15.104663163219914], [80.08588100685162, 15.050411428199672], [80.0898979455716, 15.018521890874194], [80.1056274762875, 14.982105095153226], [80.13245462793923, 14.840675346769071], [80.12970528468392, 14.810429183797574], [80.1497693893953, 14.752308672010823], [80.17839089094728, 14.713805561839592], [80.19081637900935, 14.686976727357743], [80.2020351760671, 14.635941718455221], [80.21956743246844, 14.607893841397916], [80.23458022464088, 14.566213162344829], [80.21915309111708, 14.452941710960706], [80.21241092100453, 14.339762873020689], [80.18644155312136, 14.275202181061811], [80.1849268900244, 14.245593417092676], [80.17660270914874, 14.228655111709772], [80.1688603910599, 14.181421060162998], [80.16950317551084, 14.14556646062579], [80.19351906990458, 14.027601524882156], [80.20625909735465, 14.007898264187206], [80.27511943369008, 13.844393837798991], [80.27815973112689, 13.823365706378887], [80.28681505409611, 13.805653809586982], [80.2880450961138, 13.75554750846185], [80.27587573579991, 13.68214634042191], [80.27999360113705, 13.643342049180713], [80.29298614401523, 13.60535644468036], [80.32144954453136, 13.548206625389927], [80.33331638022274, 13.50321018390707], [80.36735918167908, 13.450882385265306], [80.38616894037808, 13.290129788543366], [80.33917439738781, 13.12492330012309], [80.34461429581306, 13.085488623511019], [80.32515888600001, 13.048606686212157], [80.29980815210232, 12.9310954706019], [80.28769848675954, 12.807358869176294], [80.29545947928419, 12.784028572109674], [80.2927612049681, 12.757547569478515], [80.24550122431208, 12.629611492708621], [80.21946390560431, 12.541755890161918], [80.20356496491169, 12.507667035736548], [80.20037559396285, 12.458038265394435], [80.17123559277248, 12.409845756575432], [80.09233699442392, 12.315283010304956], [80.05324350733636, 12.260962529662194], [80.023948611558, 12.205683592274694], [79.9234210847437, 12.050866992098374], [79.88375976695137, 11.96290675298995], [79.83440880668029, 11.777046761185485], [79.79943962615107, 11.61021387897407], [79.80271766060345, 11.547815115184866], [79.84529722987668, 11.460888612011166], [79.86100461738624, 11.386575913078767], [79.8745073322626, 11.372905286876097], [79.88007524738416, 11.354536736679673], [79.87498353972288, 11.30465241437445], [79.89331178693655, 11.202299197399585], [79.89818088853697, 11.113217049128412], [79.88841660456985, 10.876405510955347], [79.89016045829065, 10.719323406843007], [79.89719691881261, 10.670221624866212], [79.90147049602496, 10.494353646057023], [79.91760333040601, 10.277959562373573], [79.90895092947926, 10.261128915382667], [79.89353011233905, 10.250159270053032], [79.79488917569638, 10.231314213159365], [79.64527555280567, 10.2505759384041], [79.58838094294948, 10.26528411955053], [79.53961907780784, 10.26774678841015], [79.43594398233931, 10.284646256310545], [79.40560692731904, 10.283922638157982], [79.37446747055608, 10.25649211043045], [79.3507623792926, 10.249300654580084], [79.32335557079702, 10.231099418697879], [79.31763971243288, 10.224146278067835], [79.31124876978922, 10.19121357961972], [79.27619698565469, 10.155256555455301], [79.27045921452005, 10.141182804717674], [79.27310054778673, 10.124444848694507], [79.26955586131747, 10.10221452507833], [79.3013830429054, 10.052910064761704], [79.30338173934973, 10.033130556938744], [79.29924881271526, 10.017925350348909], [79.28956421156967, 10.005496034573037], [79.25222926531767, 9.979078784128532], [79.2216004211162, 9.93109399477607], [79.19434841788343, 9.912924150945413], [79.18398640458057, 9.886307460706908], [79.16061528741274, 9.863078838738318], [79.1595567571881, 9.84328604138041], [79.153176801417, 9.828732125695772], [79.12164437019355, 9.797800966294096], [79.09131055822512, 9.750584173136927], [79.06365312390552, 9.730246988788398], [79.02298977178116, 9.686609575517085], [79.01134163737841, 9.65009936488912], [78.99051104869787, 9.607873673959833], [78.9615588869081, 9.568125121429752], [78.9543103974852, 9.49012517267756], [78.94101910321899, 9.468920024635093], [79.01529182523872, 9.383162932935365], [79.07179994878362, 9.335441264055062], [79.12571995429705, 9.332786654255521], [79.15838884864431, 9.325975349288708], [79.1962399353062, 9.326296071481092], [79.21991729512237, 9.333101670969446], [79.25355799763085, 9.333430564251923], [79.27001553332369, 9.351009233066266], [79.3082469431539, 9.363986374604973], [79.33725146338847, 9.359303737207815], [79.3599266092413, 9.342736780526028], [79.37095936422686, 9.326257764729096], [79.37356609023915, 9.30074666226759], [79.36594106931257, 9.276386009488718], [79.4446590214954, 9.21222326499349], [79.47466636926208, 9.172488368421561], [79.51847179788365, 9.146384344289146], [79.52962538450201, 9.126031336127914], [79.52922005095814, 9.100937828259754], [79.51847305716629, 9.083721179536328], [79.50060154065714, 9.072721104327059], [79.48056478038825, 9.070845312019514], [79.46045931813367, 9.07792580508195], [79.4022010597281, 9.119766197889884], [79.39033399675515, 9.144574715288098], [79.3064770382488, 9.199120038421945], [79.25558758507293, 9.220574214839184], [79.24766711658792, 9.220051582499519], [79.21124442294582, 9.191325766904171], [79.19542036516171, 9.18958942397479], [79.17033585146956, 9.194869272281753], [79.15005885025198, 9.17385120086792], [79.1214324129174, 9.172080514697335], [79.10150856735274, 9.155443290562102], [79.07241170152076, 9.152791474414252], [79.03951616819276, 9.169475706607523], [79.02684049208177, 9.183833616365424], [79.02248738123946, 9.206300135733246], [79.03104641113033, 9.227316752603054], [78.98500021975609, 9.235087460944898], [78.94268165025088, 9.227194369930567], [78.98233003716975, 9.228544158339787], [78.99864115470653, 9.217578110287192], [79.00965376520419, 9.200037176688232], [79.01327522982953, 9.180807000209107], [79.00925633888536, 9.165617453752809], [78.99969716919621, 9.153147646985135], [78.98115677570974, 9.143104605451848], [78.95262012806583, 9.144291976547214], [78.91163129262969, 9.136236211103549], [78.88302891170764, 9.144356816423402], [78.8679982072167, 9.161761981998522], [78.8527404859246, 9.133705277540932], [78.8322231369107, 9.122633515440485], [78.81069697546756, 9.123159438712308], [78.79332670657996, 9.131223053364488], [78.77086025283897, 9.11729182617773], [78.7354369998756, 9.109731962766336], [78.71592686797818, 9.11208024634283], [78.69589335075648, 9.105982742743452], [78.68024459814335, 9.108690274206328], [78.66580839031549, 9.11842714955236], [78.63506462192854, 9.116197940254283], [78.62321474682439, 9.1126661944633], [78.61903401435387, 9.08601043686431], [78.59525902219264, 9.063845493480628], [78.57645732034712, 9.059206252534176], [78.52969943053535, 9.061058046612128], [78.51896990353413, 9.049256924495442], [78.50103503525143, 9.041956430489629], [78.47472135251635, 9.047295055047636], [78.456847014425, 9.062314772178947], [78.44925752403284, 9.079912461349348], [78.43950758289527, 9.076864573931948], [78.34142984984342, 9.010507890279195], [78.3287800040332, 8.995207493721935], [78.30367557517884, 8.9831167018209], [78.29378338594124, 8.970422550454511], [78.29952741654118, 8.955196070341032], [78.29766430154368, 8.935552924429743], [78.27844940907369, 8.912154171255377], [78.25593178156332, 8.904533906601804], [78.22864277076671, 8.912230954867619], [78.2275346575284, 8.908094267336727], [78.25089571547424, 8.902997250877382], [78.26597543448896, 8.89084868211906], [78.27358167585331, 8.873040517116857], [78.2722092608186, 8.851552245104877], [78.25099345093321, 8.809870402511487], [78.23838500256561, 8.79704840977669], [78.24572938465394, 8.762994501341986], [78.23027827537085, 8.712313944944066], [78.21513337975169, 8.694748168945763], [78.18900824086722, 8.6874113238027], [78.17748601759001, 8.673992896488366], [78.16805555021547, 8.6370204967986], [78.18180661908025, 8.591823401350233], [78.17344262653518, 8.542332762065282], [78.16623094307957, 8.525361150924432], [78.17187021072063, 8.482892147568945], [78.16325200981167, 8.466186410932414], [78.10424351808743, 8.398013192605552], [78.10700234451471, 8.366178839951948], [78.0976192953603, 8.345140771271023], [78.08188037627754, 8.334004373530348], [77.99944039456393, 8.301802251403583], [77.97014896275363, 8.272780697439087], [77.93143258963852, 8.256313057932722], [77.9031874724921, 8.231863894188606], [77.83268928871051, 8.20989068110297], [77.82679352931851, 8.20550351713282], [77.82080353907324, 8.181839293276601], [77.80755336387955, 8.166774671826225], [77.75015739732605, 8.130975899280262], [77.68025222108965, 8.117007473480514], [77.65755619609145, 8.11828954652307], [77.60708847794119, 8.104722968904094], [77.59869189449886, 8.067385457763242], [77.57752784974022, 8.04630176469662], [77.559197411903, 8.038340580904997], [77.50282310632998, 8.040050065991341], [77.44762317636504, 8.049716864843813], [77.37743814804543, 8.069399475603568], [77.35187234589843, 8.082836292214555], [77.31515578480214, 8.081432031481425], [77.29939075185851, 8.08570078094586], [77.27989310542164, 8.100054233148974], [77.26658772444156, 8.122306010316457], [77.23282017972359, 8.134316079049116], [77.21345767186668, 8.146694318942725], [77.19866836743168, 8.1659136958314], [77.16309871264379, 8.187823399872931], [77.14232651831556, 8.209832636647024], [77.10257259794831, 8.235340543952526], [77.00342586695491, 8.319386043311747], [76.98124855860044, 8.329313594161029], [76.9421870458294, 8.366879549821968], [76.93262374975633, 8.39575146765061], [76.85247317869471, 8.485700125636422], [76.76486717302419, 8.603058784282547], [76.73855430558095, 8.630255337829945], [76.63417308532559, 8.768614475836971], [76.57579580051566, 8.838080074776544], [76.54574208489237, 8.848144124474887], [76.51446107834214, 8.878885895487903], [76.46986580969158, 9.026571666127689], [76.44710160543876, 9.075720871311027], [76.42853243734507, 9.103533534694964], [76.30489925425775, 9.390142622383577], [76.27946267073992, 9.497131142331119], [76.25054650099446, 9.66558983944231], [76.23825538788094, 9.801437575904362], [76.21989354341969, 9.89122835525494], [76.20343410071662, 9.936420404673875], [76.202662395702, 9.957630755168003], [76.18514773920484, 9.983335961776136], [76.16505017707999, 10.034600427789028], [76.14146767921893, 10.130198125060563], [76.12963664447857, 10.167775799304211], [76.10194166012552, 10.220195088573291], [76.09974344689005, 10.24296549323883], [76.06055761751801, 10.370267175110097], [76.0284917619261, 10.44334188090688], [75.99656095590774, 10.490011547976568], [75.97354807462884, 10.556857750424218], [75.89912572257118, 10.71170222736324], [75.88781356953096, 10.748939439133656], [75.86443661628932, 10.787870034343273], [75.81333862965108, 11.043553710374644], [75.79282225663782, 11.107008730056561], [75.76475474791347, 11.155246310013423], [75.72992088221874, 11.25606983882784], [75.70239218164016, 11.312976921719379], [75.69952610980654, 11.340911292594447], [75.66674875244749, 11.400772383812885], [75.65170706558723, 11.418076232144962], [75.6140143491916, 11.426939405445523], [75.58580409985956, 11.457830056081617], [75.53663231736482, 11.597486418438805], [75.4968162466725, 11.682314521976286], [75.48291221476106, 11.699690211243583], [75.42877351014714, 11.738767335031742], [75.41841485562068, 11.761715459973423], [75.39667715620539, 11.782421191778132], [75.3758825538301, 11.812648085940355], [75.35019751248531, 11.813744100427655], [75.33071212656489, 11.825560738385848], [75.3159457645373, 11.852464199922313], [75.28690325902781, 11.877790743520512], [75.27201197186025, 11.920635522379092], [75.24431246896613, 11.94840927844654], [75.23107275482845, 11.96941367988145], [75.21298634581831, 11.962072333084313], [75.19672181494681, 11.9631775153369], [75.17943279716586, 11.972027625614231], [75.16775184713698, 11.98709993237891], [75.16115504207116, 12.012481744675172], [75.12226291959881, 12.098719906019191], [75.05370782809784, 12.273040562753847], [75.01054707103904, 12.36421878453607], [74.96712482227927, 12.428049489005211], [74.9591013563637, 12.453684896684896], [74.94418222084393, 12.472094307147989], [74.85995537443532, 12.677446509048192], [74.79044446541312, 12.818580088306126], [74.76828031791372, 12.885142482872046], [74.74300531335209, 13.04242035747405], [74.7288394300643, 13.077889866484151], [74.71329255774917, 13.163792859512519], [74.70082155725915, 13.191034780220592], [74.67370836234785, 13.292272129394544], [74.64660385790658, 13.325531219402416], [74.64050999056118, 13.349586882058325], [74.62921240244276, 13.37021089413448], [74.63130324312705, 13.400777259893212], [74.64914200020444, 13.420799247751539], [74.64591927255822, 13.441780403038573], [74.64914103480767, 13.462215021776126], [74.6326287025759, 13.592110260170989], [74.6237863894901, 13.631086563664741], [74.60648808355623, 13.663434366938356], [74.60076456390615, 13.702074034582], [74.59330714960582, 13.720858190261037], [74.58780587589384, 13.77508222421461], [74.56685743984774, 13.853915887291212], [74.54429401455427, 13.913134667610288], [74.51426916224113, 13.927662659095216], [74.48029758416276, 13.971102948657682], [74.45509668095237, 13.977781624129193], [74.439770281747, 13.996140126720636], [74.43691119284881, 14.022930128151227], [74.45004561401774, 14.050031990339784], [74.43592927791867, 14.062684114379428], [74.42914388880425, 14.08154552366858], [74.43082645051948, 14.102051421816457], [74.4434864050314, 14.120937292644493], [74.43585871184295, 14.159046795913746], [74.4120204102329, 14.199926914426287], [74.38553419882295, 14.27381940411817], [74.3676350571794, 14.2828508227492], [74.3563943667169, 14.299354734444858], [74.35537086644624, 14.32318254971721], [74.3668822134742, 14.345811694119464], [74.36440711979319, 14.37823731786112], [74.34753538974333, 14.410608759087733], [74.33802494648901, 14.448917299685391], [74.32379596573867, 14.47481544931389], [74.2909641036256, 14.48436845549383], [74.27253218757367, 14.503068680465905], [74.26873373035008, 14.517780753356313], [74.27040973986813, 14.550032525855622], [74.2327041081955, 14.618403597411078], [74.23240382803529, 14.634063526130182], [74.23845559498811, 14.64907929866341], [74.23552289780785, 14.671414305849513], [74.22298847501665, 14.684074122850486], [74.20257989532321, 14.680247171903963], [74.18404781131896, 14.683580552854467], [74.15931296865253, 14.707117834930283], [74.13239989987062, 14.71570277480701], [74.11148367295964, 14.712078598483696], [74.09290923348276, 14.717733758097745], [74.08136360894916, 14.728208712876894], [74.06990085217907, 14.751713718189432], [74.05450129280301, 14.759427602924035], [74.0430690446438, 14.774585681272297], [74.02658091793886, 14.783328725571563], [74.01642813145854, 14.794855157282125], [74.01100443194372, 14.813203366568452], [74.01472292189148, 14.831971587926652], [74.03122251721099, 14.85189693493276], [74.05139234169077, 14.859788870544797], [74.04974854609786, 14.868477300156444], [74.01975630230791, 14.882108727298046], [74.00696298674421, 14.896460759978082], [74.0025317885567, 14.911246698403268], [74.00359837285671, 14.956591528938555], [73.99819051906255, 14.970162265325579], [73.97959238848803, 14.977196052796641], [73.95513137726697, 14.998138038730373], [73.93675513656243, 15.035007467004492], [73.8962801274256, 15.04783611772739], [73.87766615322313, 15.066825918950883], [73.87396313972567, 15.081766952915164], [73.87730944995205, 15.117062885010942], [73.88388167021657, 15.130832616999491], [73.90072825913853, 15.143944655924516], [73.90373508650075, 15.151641485202962], [73.85315499555327, 15.321468313353488], [73.8376028940352, 15.320531990126241], [73.82265758165488, 15.325748622986989], [73.78604452574521, 15.34764593892829], [73.75771918162992, 15.375691365591416], [73.74387558477335, 15.40719579675971], [73.74547587521204, 15.423029058042749], [73.75369605705642, 15.437598647464808], [73.74570198264892, 15.460861781908658], [73.72932445202953, 15.481726744681724], [73.71742552925112, 15.53150281318925], [73.69260536638491, 15.585300666642738], [73.67491576511915, 15.65171150980398], [73.65298590487198, 15.693444155752795], [73.62160934228736, 15.734675922281145], [73.61897549037127, 15.749922983826666], [73.62370109166977, 15.767795382046538], [73.60112782535981, 15.817016904868158], [73.58352992505012, 15.832595331828347], [73.56518572890543, 15.874097326355425], [73.53594471084182, 15.892390134969146], [73.51183031012663, 15.896292001561893], [73.4771362716843, 15.917455263923921], [73.44890841031942, 15.96477026472926], [73.45189772856152, 15.99806366585174], [73.43123801942897, 16.006770613107854], [73.41845400601551, 16.02541836373799], [73.41813406213521, 16.069016914722596], [73.42697816561066, 16.090079632122738], [73.40658385548201, 16.170653855055946], [73.39468244730168, 16.18746126924351], [73.3744041299586, 16.26551171447131], [73.35694152451457, 16.295708008965207], [73.34641467428406, 16.33267538545813], [73.33489731702372, 16.349530377741907], [73.33203421236426, 16.380469341380028], [73.30716900440031, 16.449169402766564], [73.28165516351764, 16.49913312667239], [73.27464216818801, 16.526494723536008], [73.27615930502306, 16.545186598386874], [73.2875859679584, 16.571435273731762], [73.2800110077418, 16.60123639264143], [73.28676530520924, 16.621690883887837], [73.28478621715286, 16.642726303589228], [73.29069462963014, 16.65763174939685], [73.2630270728099, 16.74876566630308], [73.27211988285366, 16.788168416555166], [73.25507496960633, 16.823134669290372], [73.25304299308097, 16.865894998628267], [73.24294611918397, 16.88627078585128], [73.24880146791591, 16.92603773309488], [73.24551903140232, 16.95571491056126], [73.23563468199671, 16.97002071286932], [73.23220025849072, 16.989879038469283], [73.22234378739881, 17.0064253517928], [73.21806797277479, 17.042592269433516], [73.22517494207187, 17.069469879192397], [73.24496179801304, 17.084307384024985], [73.23266476674442, 17.104263828726115], [73.22529145098629, 17.155734635520716], [73.20908816999803, 17.16779882506902], [73.2012791918276, 17.181221241171194], [73.2011469958472, 17.21327886631249], [73.19185016438297, 17.23669978377638], [73.17649076641284, 17.24824846795584], [73.15143753664303, 17.288301751672492], [73.15011490298302, 17.303941563627998], [73.15491174143797, 17.318886242234086], [73.18072913489114, 17.344413994702546], [73.14921287821097, 17.361049338743914], [73.13002154575578, 17.393159090073112], [73.13196157715056, 17.419796547439486], [73.14931537607883, 17.438742063941724], [73.15153409594105, 17.470638633827676], [73.14670931808742, 17.489348663478115], [73.1223209459103, 17.51309385459656], [73.10215680949796, 17.5482715941831], [73.10873894071571, 17.586875561488448], [73.09210432518218, 17.628546395192917], [73.09092804734956, 17.64537675195812], [73.07710342328836, 17.687290410208856], [73.08031212291155, 17.705380140192116], [73.0917813120505, 17.724047386539674], [73.0599791509021, 17.79505150238468], [73.0541809808186, 17.825822779077093], [73.04179507449248, 17.855660042023445], [73.02298586929201, 17.870812180098564], [73.01580468318896, 17.89914527283803], [72.99669495047611, 17.92109456082446], [72.99030000491018, 17.96459158295352], [72.96700360961506, 18.018674988076356], [72.9550230868775, 18.035127254825525], [72.95545191393032, 18.074464155360225], [72.93103165057428, 18.124865875059832], [72.93379581467359, 18.14439793908571], [72.94442923821278, 18.159217386856586], [72.94167592359099, 18.17107616461511], [72.92432043496554, 18.17309916199276], [72.90844945284523, 18.181856046178257], [72.89269815140842, 18.2073036359263], [72.89993123840524, 18.24056662864916], [72.89349491381708, 18.288586750413486], [72.89955808159326, 18.30308358752554], [72.91035840459986, 18.313849422403663], [72.88557086171313, 18.33060072330104], [72.87650347820653, 18.343883765624916], [72.8646472953136, 18.42569513738117], [72.85228635932559, 18.45512145699417], [72.86700834955853, 18.514238077086585], [72.86445117621089, 18.541280732811384], [72.87159107395169, 18.559005745308212], [72.83482225254, 18.59763100801707], [72.82249649271203, 18.63150652489684], [72.82224074810969, 18.669537821561438], [72.81251445345079, 18.700765544459575], [72.8249156743415, 18.756664945124328], [72.8200297523593, 18.78031107731022], [72.82230041361952, 18.79704808641888], [72.77186839712542, 18.877720502660136], [72.76634815237871, 18.9056774672934], [72.75343940490961, 18.91874795658272], [72.7480527898114, 18.933809236501602], [72.74899808499633, 18.949776834693708], [72.76933369154898, 18.99245637954016], [72.7789364511067, 19.034863351252003], [72.77693170534454, 19.06556623454853], [72.78174287242855, 19.085222220720063], [72.75462044764645, 19.097639942432416], [72.74379411750633, 19.121608910004813], [72.74007679259402, 19.159263063218003], [72.74725839878964, 19.179245795929763], [72.73902935864977, 19.21790730564102], [72.7445314118679, 19.303713142981632], [72.75195301282633, 19.323301925769837], [72.71940866344356, 19.36067472146409], [72.7146381237452, 19.418368997489758], [72.6999707241992, 19.429485769365048], [72.69255610976231, 19.442948641743737], [72.68969555391189, 19.467378586914446], [72.69421601329475, 19.482926236956903], [72.66983580974174, 19.54867415506576], [72.67772316925358, 19.60120076560824], [72.6562949814222, 19.64632915855917], [72.65732692849608, 19.678766057561248], [72.64392527611102, 19.69024376302567], [72.63726134887911, 19.704363140816668], [72.63712255922745, 19.736024556802803], [72.62983254157139, 19.758173087493933], [72.63412445080478, 19.777393299826894], [72.61619722547611, 19.800298811137942], [72.60358910942797, 19.843920917945656], [72.60712350198622, 19.883562477004638], [72.62529581491012, 19.904151479807933], [72.61116343069324, 19.93488115750755], [72.61517628049799, 19.961277787034174], [72.62807602447916, 19.97557099755229], [72.65102362274884, 19.982420354893463], [72.66129183993927, 19.993056898052487], [72.67811271706636, 19.999822463008307], [72.66461844731703, 20.086576423115986], [72.68814539252422, 20.131054034242364], [72.70345645477916, 20.211101759694973], [72.69819187941481, 20.25165899716541], [72.72013620340556, 20.318882481644756], [72.72227590017673, 20.348463876839663], [72.74690895297604, 20.384621769780196], [72.7705464917475, 20.402213884838773], [72.78630639487604, 20.460840251238864], [72.83187747155424, 20.51900909695291], [72.83151994832109, 20.543741926265835], [72.84510974416105, 20.578011829865876], [72.84315408676096, 20.602621122238595], [72.80708453953461, 20.71980219588279], [72.79731193858878, 20.737965384718766], [72.79609837321435, 20.755310438388143], [72.78063844289622, 20.78964474521471], [72.77384226327031, 20.82482301708099], [72.74490131263441, 20.887316180627298], [72.719346104313, 20.914843845977973], [72.69946706344285, 20.96148727862929], [72.68472213816317, 21.02382754091067], [72.67508078942515, 21.029335152929004], [72.6498856909072, 21.025844948612022], [72.62616556947849, 21.034353329840897], [72.600471092215, 21.05738784339739], [72.58517638651657, 21.084941811815852], [72.57774533896723, 21.160565733300892], [72.57844086682863, 21.204816843049034], [72.56101546428272, 21.23284992512826], [72.54818639075101, 21.267593893297253], [72.55308900488448, 21.313537525393944], [72.53894386523781, 21.364083561242605], [72.54892910913738, 21.390010454373428], [72.60402802952079, 21.449207483269742], [72.62182957602667, 21.491547359637636], [72.57936942166467, 21.534920639090483], [72.56819032984173, 21.58749896527922], [72.55041172286639, 21.600776922757532], [72.54196558749848, 21.618879064631955], [72.51386848935552, 21.632132937815626], [72.49004078467927, 21.659045789283113], [72.47853084975688, 21.70759445381437], [72.48144761599632, 21.731016474419384], [72.50292309773086, 21.754375901326473], [72.5163039237772, 21.80924888221406], [72.53229112303305, 21.83790201879459], [72.50614006058537, 21.840209698765534], [72.49012484731938, 21.849976858047004], [72.46506948967311, 21.90551150402403], [72.46540250197839, 21.9875287197982], [72.51072679772587, 22.165999444951296], [72.49383684214413, 22.15814001445716], [72.47775119621069, 22.158212853710737], [72.4488062766184, 22.167221558124943], [72.4346631181772, 22.180143985811156], [72.42908497224381, 22.154154568363484], [72.41295942462779, 22.128352024490024], [72.38705989971237, 22.111473112602557], [72.3720008207832, 22.09330993006407], [72.35323416661602, 22.086113020091013], [72.32109427454246, 21.963822798701635], [72.34406459639038, 21.98135583450599], [72.35981024867185, 21.9826465403312], [72.37482752201427, 21.977740117127343], [72.39257027899231, 21.957028457802288], [72.39946391343497, 21.915890762588138], [72.38787505702497, 21.895494147352156], [72.36684297162587, 21.88510305069486], [72.33093274552454, 21.892685714065756], [72.31216557776067, 21.910594954068472], [72.295901367991, 21.895724719365248], [72.29967551272772, 21.792162901903616], [72.32169178653983, 21.743239799809682], [72.32760892887211, 21.708833219639025], [72.32359423294997, 21.681463168878157], [72.34188666449579, 21.651803425904806], [72.36615388922793, 21.65131366140372], [72.38512345573548, 21.637566089051976], [72.40244800068196, 21.612071281936668], [72.40439981378815, 21.580283263922748], [72.3875466008805, 21.55209955555553], [72.3675906499222, 21.540850423425113], [72.33778822604671, 21.545792742128988], [72.31653432566623, 21.57262897858452], [72.30658173110119, 21.557887134288425], [72.29223535532883, 21.489974693489103], [72.26876940346553, 21.43487199607334], [72.22999442693285, 21.385103548385565], [72.20773511918155, 21.369224464385507], [72.14902191696171, 21.29168813351561], [72.14735398074818, 21.271504465472766], [72.1389109942633, 21.25249117031701], [72.15054128476629, 21.234563388946125], [72.1552353879277, 21.19825330771134], [72.14916180668791, 21.177929070194295], [72.13964167107322, 21.166039023982375], [72.10623433436729, 21.15377062589912], [72.06356765945506, 21.122848294052083], [72.04578516912618, 21.119076525170474], [72.03807538224147, 21.106057809195452], [72.02538485283478, 21.09652797612019], [72.00513575456068, 21.09279328386807], [71.98630938765297, 21.082114477220514], [71.95857062862551, 21.080849195591814], [71.91657193113495, 21.07029958529526], [71.89679554271883, 21.053744008891343], [71.84670369647976, 21.03502350995433], [71.83862943428096, 21.013676807384364], [71.82373082141405, 21.00167120525076], [71.77083246411779, 20.981444746170197], [71.74919287744181, 20.978777430665158], [71.72749477028204, 20.960078221224705], [71.70368088462065, 20.95513823152178], [71.67415631476862, 20.957728196055776], [71.6641084264002, 20.94467191581577], [71.64445363427532, 20.93288364992712], [71.5759533538991, 20.911071919347812], [71.55638988174208, 20.9100200402426], [71.54368718271357, 20.893513617126093], [71.51269317814577, 20.871751223459523], [71.5013803202934, 20.85808516442304], [71.45382278947787, 20.831931547015646], [71.41257953664456, 20.828538944449086], [71.39545357104785, 20.81858931914858], [71.33381019019617, 20.807596762571404], [71.30818276873129, 20.792258138390874], [71.23368441346281, 20.763980494873913], [71.21800004168723, 20.751777004545477], [71.1930851896592, 20.745615376935824], [71.18404795379074, 20.73195163083068], [71.16867668408577, 20.721766749489078], [71.11352783178233, 20.714549178079416], [71.10020379692268, 20.703096715237944], [71.07289425941528, 20.6944579596329], [71.03192841112221, 20.693438306566346], [71.01841975822009, 20.679847661683944], [70.98263214977935, 20.66191911846938], [70.93701250024496, 20.666335763920635], [70.92285692667542, 20.66001858620378], [70.89631928267612, 20.65886334758873], [70.86935137966907, 20.665117113927135], [70.84772772604181, 20.65129352967277], [70.80925284974556, 20.653176256065628], [70.77424491674367, 20.675989704009968], [70.75620487123201, 20.681506944521495], [70.73116835316608, 20.681893365251653], [70.66954519409042, 20.712537630179664], [70.64787163879407, 20.716833519155916], [70.63369438429201, 20.727182116956993], [70.60582992668513, 20.730831744478557], [70.5705977024396, 20.744378237665142], [70.41851186751161, 20.818302164589507], [70.37776607536514, 20.855101904252912], [70.35445799288598, 20.859821355316207], [70.29676745132186, 20.895314577435098], [70.20064781464502, 20.968297312427154], [70.08851468052227, 21.066171154646213], [70.07385152134543, 21.073958147517164], [69.96842686092063, 21.180950874082495], [69.68280218227036, 21.503400164498913], [69.6015402653764, 21.583508241785868], [69.57935462200636, 21.581837434003123], [69.56171351830871, 21.590510318092107], [69.54803405866569, 21.615719979155553], [69.45228040935127, 21.70375876019626], [69.41324416604172, 21.73108835297788], [69.34870789162531, 21.796428409307612], [69.29685013128639, 21.831372224600948], [69.1488095088447, 21.971272950076393], [68.92490460417775, 22.21428552652048], [68.91373147344561, 22.24196689834997], [68.9135646732131, 22.25957730397209], [68.89724291578756, 22.29880474348603], [68.90505016168851, 22.346585620777514], [68.91677203958864, 22.363398056179417], [68.92222350514656, 22.386633470155708], [68.95233713277439, 22.43797870871949], [68.98342980326453, 22.471487825452506], [69.03111068735247, 22.497400998932957], [69.04694290439039, 22.51453834689967], [69.0781306861362, 22.529180996899765], [69.09763426204043, 22.52975718367154], [69.12113390922501, 22.514488400971565], [69.14128886462582, 22.51738666812916], [69.17056246231128, 22.50738378039494], [69.18643911423712, 22.486654720327703], [69.18727363995995, 22.463140305860414], [69.2036524825554, 22.462575936015885], [69.21769631490659, 22.455999445087283], [69.23583753883361, 22.426350017186422], [69.24194238788631, 22.44134807972461], [69.25343931111937, 22.45308280947166], [69.2570510096919, 22.477017691476856], [69.27819393430183, 22.50608354517438], [69.27888908921953, 22.536652491666494], [69.29443276638636, 22.558472863448397], [69.31247032801046, 22.56539514049764], [69.35025180934231, 22.566528545296194], [69.37489622318039, 22.558763356398426], [69.39557679654455, 22.571481229095554], [69.42235216601415, 22.568744973838744], [69.43484358699028, 22.559424315895996], [69.44282468148651, 22.546037292584924], [69.44644085247327, 22.524630388325427], [69.44222022124043, 22.509047477911228], [69.42252843355094, 22.489285948917175], [69.39341727928718, 22.485547849712468], [69.36563483134057, 22.467201053243254], [69.36482864846934, 22.444661148261304], [69.35171125592203, 22.425549972383767], [69.36452648558401, 22.416467362185664], [69.3778025863422, 22.39519583102862], [69.38015104729097, 22.376367133796514], [69.3753870549546, 22.361581270717387], [69.397961304928, 22.360927192353326], [69.40277855170106, 22.374405396398647], [69.41524029287139, 22.388549853291725], [69.44078527600769, 22.39703894425684], [69.44873275780925, 22.419058907193374], [69.45857551588786, 22.430256887456885], [69.4641309174922, 22.456663353323062], [69.47466119221203, 22.468039059630343], [69.48872566315885, 22.47455703758754], [69.51176048595725, 22.47332276458345], [69.55223162751344, 22.4545455451533], [69.57103662762682, 22.47853031959981], [69.61619494633278, 22.497820730093196], [69.63608583582787, 22.49859123303108], [69.6580884654133, 22.488229575519963], [69.67813352802119, 22.49018098323173], [69.71224402403514, 22.510430711558616], [69.72764690652298, 22.51374908806951], [69.75015253827263, 22.507193870453047], [69.7860036511844, 22.471550199740513], [69.80404955423457, 22.50126441443008], [69.82456446348992, 22.514117354061693], [69.82311032665474, 22.534807529225183], [69.83445478249715, 22.556234980171062], [69.84982339739562, 22.56796710861685], [69.86911781082487, 22.57109176407231], [69.89049428702268, 22.5878033445212], [69.91096409663612, 22.592482610097083], [69.9085831562054, 22.609231050300544], [69.91268367405596, 22.624117064667153], [69.93547701865315, 22.644081288612263], [69.96815569146318, 22.642489675985342], [69.9902342010156, 22.628964427811624], [70.02153873244167, 22.63114218628635], [70.04744195066132, 22.619262932662135], [70.08094446719986, 22.58924057146796], [70.09303379159442, 22.585042359589014], [70.11540380493237, 22.58555753631435], [70.14187495289946, 22.593038626469344], [70.16326066520412, 22.637707169672726], [70.19520899792441, 22.68095158319561], [70.21016913314959, 22.741439541433643], [70.22823343826072, 22.764949084503517], [70.26065128850605, 22.782138397612844], [70.27501052557776, 22.816567437054108], [70.2987154224726, 22.84169023690593], [70.30208678224257, 22.8588112977614], [70.32280051808186, 22.89606038142637], [70.26667199646066, 22.910796681836352], [70.24416195299038, 22.924993954821627], [70.21867990429851, 22.913055405117184], [70.18650140076107, 22.911088421384612], [70.1661640242624, 22.902881546268887], [70.15254784518551, 22.890215962750837], [70.1166383069615, 22.870480565844417], [70.06412530436315, 22.86501861445387], [70.03600325702756, 22.85556359078993], [69.99302013084055, 22.861891841947376], [69.96223360443541, 22.856806621289465], [69.9176602278858, 22.828082522745945], [69.88861952414693, 22.82859618576137], [69.86665948273509, 22.818736101246195], [69.8457078672117, 22.82202819860417], [69.81460668549214, 22.810051470079877], [69.78669579215604, 22.791405192915022], [69.77979659671381, 22.77113483183608], [69.75617291654862, 22.742995104974657], [69.75345270235177, 22.72655682264951], [69.7427480099517, 22.7066955133473], [69.72817128011862, 22.694155796959805], [69.70791577771134, 22.688014981316822], [69.68481896467551, 22.69346558019555], [69.66899544463865, 22.710815213771234], [69.62999467460197, 22.719815963097197], [69.61413780072651, 22.717249389275928], [69.5705016183221, 22.72346220989374], [69.52383843321483, 22.746208184616634], [69.47666099887378, 22.733576332165047], [69.43875363159971, 22.738286645913345], [69.4238706357849, 22.744305798337308], [69.39768193349435, 22.765541870648374], [69.36485093807036, 22.779771598469747], [69.34428257118431, 22.778408302606447], [69.31091050875935, 22.791372279919543], [69.26286212999311, 22.784225168834364], [69.18022024335352, 22.80264631183382], [69.11017737819505, 22.838754509241852], [69.02511811573228, 22.894511642582913], [68.94982072073361, 22.92946367805773], [68.79525575645165, 23.02289392222652], [68.74060514727694, 23.045062261562258], [68.69031434092398, 23.085712502964807], [68.62954883036156, 23.1221212361159], [68.60217197311877, 23.145693059323783], [68.59278290661652, 23.161548523893003], [68.56030257442288, 23.189034539160925], [68.54544730296136, 23.215809589396073], [68.5105616675418, 23.23970564893391], [68.49979650249695, 23.26079873426585], [68.49900363771084, 23.282085744542957], [68.47767325518777, 23.292275191700643], [68.46321838586181, 23.315673563439614], [68.44150452067679, 23.32891846071081], [68.43231727933109, 23.345675938142364], [68.4313809672026, 23.361527300593124], [68.41309088215135, 23.360820060003487], [68.3981699762051, 23.36611719776738], [68.38098356421055, 23.377727906145008], [68.36223397885205, 23.402122345756784], [68.35824936827738, 23.423947682823318], [68.36296708255685, 23.466724005986354], [68.37291484892035, 23.483370299587754], [68.3925588411767, 23.494853491178024], [68.39028635681666, 23.546374530484172], [68.40137534648566, 23.578001739241092], [68.39620895025097, 23.60508300765407], [68.36952542346106, 23.565270538755243], [68.32812257154657, 23.545459403321207], [68.29952314307079, 23.539023628291254], [68.20527404612832, 23.54803844289209], [68.17222137976364, 23.565748922668273]], [[69.22185909447887, 22.302628428442883], [69.25951893345703, 22.30900754369406], [69.29477840564132, 22.34182242022668], [69.29903978005981, 22.349368597114132], [69.28346211576876, 22.37583926623332], [69.25508140895785, 22.38297897420357], [69.2457122354799, 22.35759188895702], [69.21316368639476, 22.33226317989363], [69.20660251778264, 22.315451418931474], [69.22185909447887, 22.302628428442883]], [[78.86792601900763, 9.213434335266438], [78.84827504043115, 9.206076127777035], [78.8656162694018, 9.187316585791983], [78.88360100955632, 9.212917205427983], [78.86792601900763, 9.213434335266438]], [[82.30771960808208, 16.921034352706624], [82.29751115299597, 16.90471664309056], [82.3101493035372, 16.894774580747296], [82.32497372978001, 16.89065657135098], [82.3257961363538, 16.920287969182873], [82.31218718051079, 16.940159309313945], [82.30771960808208, 16.921034352706624]], [[73.84587911077107, 36.748773610464674], [73.84158021378396, 36.74890678879839], [73.84733925826596, 36.74723026668763], [73.84587911077107, 36.748773610464674]], [[71.00801736573779, 24.401229749131527], [71.01821214831689, 24.39308900313931], [71.03316591216648, 24.39622471940903], [71.00801736573779, 24.401229749131527]], [[68.45863596806274, 23.66474468639187], [68.46389110110125, 23.675594851656882], [68.44578202480137, 23.684946822164495], [68.43567920877246, 23.659726895906623], [68.45863596806274, 23.66474468639187]], [[89.03130563942925, 26.355641241344518], [89.03828481621127, 26.34703802563243], [89.05267674506145, 26.33882822702348], [89.0462608389964, 26.355445535932642], [89.03130563942925, 26.355641241344518]], [[88.40576675430839, 26.52244150847413], [88.40442470907293, 26.52162572102329], [88.40630699297208, 26.521825517086448], [88.40576675430839, 26.52244150847413]]], [[[94.31491443516725, 13.44206733392899], [94.30727030291676, 13.425219559534904], [94.28307537789958, 13.403158906606626], [94.2515893441956, 13.395798672327128], [94.23628889397102, 13.399006509098502], [94.22338652774324, 13.407833906197943], [94.21078928567408, 13.424543318438888], [94.20641078258102, 13.444076738250708], [94.2166392810815, 13.47835247117752], [94.22565143756653, 13.490815206154455], [94.24476227692284, 13.503873840747405], [94.27525071515622, 13.508581254036905], [94.29437310369964, 13.503992472250895], [94.31104177720842, 13.487439665476106], [94.31558989945877, 13.472318086471578], [94.31491443516725, 13.44206733392899]]], [[[93.59257236410787, 7.281402670199905], [93.58126645267909, 7.311315105897473], [93.58492579949132, 7.32609023402679], [93.59508589638693, 7.339490414897144], [93.59613377440041, 7.38683528251111], [93.61065785370067, 7.404287674671985], [93.64685841392755, 7.417676562157217], [93.65538799409047, 7.431633845242536], [93.63661167123443, 7.431507085645505], [93.61244023799433, 7.441647533518729], [93.60071666453413, 7.451702933797051], [93.59213948658171, 7.468505315863321], [93.591570282412, 7.488036925419728], [93.59789615040856, 7.502394438429788], [93.60925754182331, 7.513214492536158], [93.62782473478559, 7.519302769037142], [93.67132219676252, 7.510007608613988], [93.68268439238518, 7.498862204275007], [93.69187123988605, 7.480234566207906], [93.71447978447881, 7.483641646372394], [93.73248688742476, 7.47854658952473], [93.74620566160264, 7.465818251226152], [93.75837201171788, 7.4420851302850215], [93.78362612623246, 7.439211882599769], [93.80827168005455, 7.4159349137246835], [93.81145890829664, 7.392446230470464], [93.79684145684212, 7.364620010329224], [93.79101990501172, 7.3367968733765565], [93.77577636017722, 7.321145167924297], [93.75321106060287, 7.28065726681261], [93.724455941442, 7.267294872512312], [93.74376189006914, 7.250774974438457], [93.77213015726778, 7.253580246506642], [93.78363597108076, 7.2656298141117075], [93.80260988244899, 7.272694433612213], [93.80307914617192, 7.303950426250819], [93.82436965987463, 7.32516449793908], [93.84259768768484, 7.328960905351267], [93.85775823505166, 7.326172180067779], [93.87961064960884, 7.305251868873376], [93.88299172430747, 7.2863512914490265], [93.8784973397362, 7.270462215169986], [93.88701901426722, 7.252601415340283], [93.91303309375384, 7.229672323813775], [93.92174178058012, 7.211979542042592], [93.9206630741263, 7.180486553602374], [93.9308902846578, 7.125906009727345], [93.92852589110971, 7.108307896505182], [93.94960848258023, 7.074222159456117], [93.95432235813101, 7.058019111719133], [93.9750919519379, 7.037594719967874], [93.98788728383367, 7.0000166341062275], [93.9798863118919, 6.976744290697346], [93.98554039123889, 6.958738806283486], [93.98336386619947, 6.942928603436262], [93.97219443733825, 6.92517968860176], [93.95645900482748, 6.914506919038127], [93.9525269219521, 6.896586979014975], [93.94196556774656, 6.881395907077907], [93.93988870171148, 6.863133849563813], [93.95042428820898, 6.835620371919745], [93.93805780985507, 6.7958819674771185], [93.90376244864612, 6.761005074667582], [93.87888563485114, 6.754840105620522], [93.86709564521051, 6.732983885841713], [93.85168731438355, 6.720950338918021], [93.82023290085986, 6.716795610653], [93.78545171386136, 6.73145043881901], [93.77378886843552, 6.741414186170988], [93.76528959650487, 6.7626038629577], [93.7683433175371, 6.792377598500227], [93.75107832642762, 6.814095270735282], [93.73218238144511, 6.87440604634099], [93.70602544643859, 6.908184654651252], [93.70349599601838, 6.93694885181395], [93.69653539348228, 6.952759562701448], [93.67659494832657, 6.963692793308842], [93.64530935499693, 6.969875447637062], [93.62702891503477, 6.989082479998722], [93.62357729168257, 7.007886452823363], [93.62883857392661, 7.025386540749393], [93.61634843165727, 7.130154908419818], [93.62120264868511, 7.145480795278156], [93.63587424508586, 7.1631287626598805], [93.6352944809282, 7.185593156464883], [93.6457008087439, 7.20394087376944], [93.62184222964555, 7.212912392584136], [93.5966264138541, 7.242567521736814], [93.59071551954257, 7.25617675492002], [93.59257236410787, 7.281402670199905]]], [[[93.86097167068975, 12.33484656165939], [93.88464099284879, 12.331180529832876], [93.90455954991124, 12.31445726681981], [93.91325059098153, 12.297331563623215], [93.91616369088439, 12.270315054133345], [93.9098476700299, 12.25142574049152], [93.89527887801908, 12.235457090998375], [93.8815643784799, 12.2292826377847], [93.85245122280524, 12.225818807643272], [93.83366042549656, 12.2318197314134], [93.81620032060957, 12.246029483735587], [93.80844706469155, 12.259543455496441], [93.80644489128504, 12.274994400831073], [93.81160304247082, 12.302670065456464], [93.8195291793622, 12.31565936764873], [93.83173291999165, 12.324748610307607], [93.86097167068975, 12.33484656165939]]], [[[93.57178575091321, 8.53754088225863], [93.56695074033702, 8.582088880203068], [93.57188595853471, 8.600759290992563], [93.58184196125215, 8.612645172193218], [93.5993577493207, 8.620777686321393], [93.6148623288084, 8.620713057106919], [93.63118870301977, 8.61341285983782], [93.64466409876239, 8.601330681290902], [93.65676832140394, 8.581077527635816], [93.66100970443496, 8.553541324921849], [93.67423122338239, 8.533519845598361], [93.67529189262528, 8.498851672649128], [93.6822504462769, 8.471614179337285], [93.67926261193752, 8.452761846099921], [93.66737505234099, 8.431524016337393], [93.68833581584646, 8.41434011652376], [93.69627465299575, 8.392570593892225], [93.69081097347653, 8.370052035834497], [93.6737783104518, 8.354341350261501], [93.65871050086909, 8.350409052539305], [93.6350900298819, 8.35276121869447], [93.61166769425914, 8.363523018358302], [93.5976418444493, 8.380778229328971], [93.57811446755605, 8.436859219838857], [93.58204911650978, 8.464340378169533], [93.57946075131738, 8.48341736108936], [93.5841158290206, 8.499397189661913], [93.58321415558507, 8.513341901094673], [93.57178575091321, 8.53754088225863]]], [[[93.27102797535842, 7.962532628228812], [93.29448491340932, 8.024479540162053], [93.30461904339212, 8.036259125537642], [93.3331341080485, 8.053698452709396], [93.36539773250466, 8.061759156431316], [93.41463399131662, 8.053943844020417], [93.43679954239661, 8.03518516742645], [93.44646162678863, 8.020405640587553], [93.44249632676578, 8.07245581583184], [93.42373712932832, 8.105753410615824], [93.41684400093008, 8.139914854824966], [93.41393689121817, 8.171840077019466], [93.42392299703613, 8.197931152066214], [93.43593549821645, 8.21196197963338], [93.45336830716077, 8.219383659644988], [93.45782932307719, 8.239243250957934], [93.4693127969905, 8.253992390713588], [93.5096350896338, 8.272103339809025], [93.53261070201532, 8.272149618986285], [93.56220340575017, 8.26009324067009], [93.574597412544, 8.249870673165729], [93.58286729811199, 8.231654776719042], [93.58520561701515, 8.199791176043934], [93.57024503493626, 8.162490277246158], [93.59475010230219, 8.161176462561032], [93.6151398420083, 8.143650278809279], [93.62841561644022, 8.113891944763541], [93.63073339578355, 8.078159761150168], [93.64067169695421, 8.051349133742724], [93.6368306588323, 8.032814782367712], [93.6192339770367, 8.00771544756886], [93.62241247234998, 7.992985585694719], [93.61671584128513, 7.9222807621662374], [93.60320282942833, 7.898875667988294], [93.58570506268842, 7.890283745850032], [93.5625014138494, 7.892262568607097], [93.50374448631052, 7.937152282622937], [93.51422013604086, 7.900576101899645], [93.51412511780464, 7.885204334696718], [93.49489586078722, 7.850911002692703], [93.48108630768446, 7.838121848923191], [93.46295659080361, 7.833064223308442], [93.4392742854925, 7.838554443933694], [93.42531294776686, 7.847149820467271], [93.41497127402715, 7.8629943175372325], [93.38788422589705, 7.844437470965042], [93.34704356446476, 7.850949906056741], [93.32881575050484, 7.861920859883606], [93.28238150794859, 7.917534799018558], [93.27102797535842, 7.962532628228812]], [[93.44884291013949, 8.002666919568542], [93.44886715287244, 8.002654984612935], [93.44884798715928, 8.00271043504529], [93.44884291013949, 8.002666919568542]]], [[[93.57542360138315, 7.484980810231568], [93.55913994614716, 7.473943181785626], [93.54351759696223, 7.471606240569128], [93.5282086967445, 7.475499396413495], [93.51122447048456, 7.4878081535572765], [93.50325880759101, 7.501994855043114], [93.50160194798725, 7.5181803145866475], [93.50556488543879, 7.539906279614277], [93.51716005779309, 7.555440213966066], [93.53089919455172, 7.56275166444525], [93.55026068906989, 7.563691700825032], [93.58065271558479, 7.54384595037936], [93.58807881613598, 7.52962969463287], [93.58932331241564, 7.513639068445761], [93.57542360138315, 7.484980810231568]]], [[[93.0825009402257, 8.38140957413326], [93.1256931365259, 8.395558300875289], [93.14167048182473, 8.392935218906308], [93.17782248313604, 8.362806547933813], [93.18250126461596, 8.336835822092242], [93.16858953976937, 8.287573200040509], [93.17896144860353, 8.275109979006828], [93.18502805966835, 8.271872709874499], [93.196401406056, 8.287900894761101], [93.21898263250594, 8.301148071631253], [93.2452957857999, 8.30314657534115], [93.26712740061464, 8.288322384033338], [93.28730145164882, 8.247838621530077], [93.29079939992164, 8.224831916019449], [93.28338940617606, 8.206817123779155], [93.25684433036741, 8.185828569943348], [93.23723535169881, 8.181978303833187], [93.22876319542057, 8.168227564723217], [93.21601368524843, 8.159179406870017], [93.17645398574096, 8.155974265087305], [93.14688284271688, 8.165180097940388], [93.10205907863472, 8.188710214500949], [93.0882439421979, 8.200789450411964], [93.05079819009279, 8.25441471526896], [93.04573446183839, 8.309228432413466], [93.05933307362916, 8.356515009408207], [93.0825009402257, 8.38140957413326]]], [[[92.49246429645339, 11.594992407272548], [92.50035219716288, 11.623323956849642], [92.51575398209143, 11.640027271431492], [92.53776815882806, 11.645647922604974], [92.56146606936316, 11.63820212046054], [92.55371978447191, 11.65494543020094], [92.53899355705154, 11.661404694291997], [92.52842462597663, 11.672518434224147], [92.51479061417001, 11.70518105688854], [92.51176291918581, 11.788045258177851], [92.49731580623052, 11.794952935101934], [92.48535778870662, 11.809683867559924], [92.47479228186204, 11.839004363900406], [92.47499669077872, 11.859170628332453], [92.48553418496377, 11.881807706009988], [92.48868239660032, 11.90988053838198], [92.50050997104003, 11.93390055979178], [92.54200457261388, 11.981374502844268], [92.55147233307538, 12.00607385168152], [92.5737745117443, 12.020657863390868], [92.58163792676838, 12.052477527888573], [92.57913851203384, 12.067263992720864], [92.58356488863323, 12.104909921998567], [92.60641071860056, 12.18948949337993], [92.62890640948412, 12.238837930483934], [92.65522312632511, 12.255902902194057], [92.66090766857714, 12.267007677974565], [92.66494800411233, 12.306746692285214], [92.65903679000053, 12.32452732477896], [92.6574487140045, 12.425197866906194], [92.66115256452387, 12.452029325950289], [92.657441942618, 12.469555683608297], [92.66148313750622, 12.486312713492904], [92.6354809219559, 12.510135948448054], [92.6287997944434, 12.535459882186691], [92.64055130689387, 12.563034415863099], [92.65496973274693, 12.576866442094012], [92.6448725498903, 12.603847258006429], [92.6502515713314, 12.631256360858155], [92.67161311283189, 12.667089802411835], [92.69006061580096, 12.679376461717991], [92.6702968102051, 12.718468721971137], [92.67179391806509, 12.7428774726057], [92.64566768469945, 12.74966099196412], [92.62227183525414, 12.780234770003032], [92.61906642072397, 12.795829369575562], [92.62288656844439, 12.81287106538203], [92.60808836667213, 12.863153298575307], [92.61308758077182, 12.881103934378146], [92.6253076027757, 12.896868923066425], [92.63179784164983, 12.932930756225336], [92.62757066988345, 12.95338456009429], [92.63343696953527, 12.980364745910773], [92.65800968300229, 13.017806948300866], [92.69554110403433, 13.031470690743555], [92.67751096463022, 13.039211544609303], [92.66543817684621, 13.054385740865673], [92.65644165089637, 13.090102285819537], [92.65751004034412, 13.105901901329604], [92.67013625113286, 13.12578938948202], [92.69176583052227, 13.135121842499924], [92.73929887713224, 13.134492693959988], [92.75392646866898, 13.128006126048156], [92.76573191835011, 13.114788900084381], [92.77040768086712, 13.11968625451191], [92.77084655665928, 13.13576212901544], [92.75714600359242, 13.152827372227996], [92.75363617077994, 13.175381757556318], [92.76065242716415, 13.193149826923454], [92.78084313979264, 13.207972753887997], [92.78387352715669, 13.217065601782762], [92.7912955386934, 13.253596070865965], [92.78281551457682, 13.271269962055031], [92.78172267234851, 13.31241924103792], [92.79623074768485, 13.367958797792927], [92.77724645143597, 13.388923010797727], [92.77275275287644, 13.42660466833911], [92.79598777365437, 13.466595895942685], [92.8327176841748, 13.479033520167475], [92.82709763894344, 13.511847967503858], [92.837274593509, 13.553052228571099], [92.84497255625307, 13.56651874893071], [92.84328674331091, 13.591133231179112], [92.85397639687174, 13.615402423708568], [92.87421163305072, 13.632524024402587], [92.8955327387956, 13.639875506545353], [92.91447590918555, 13.638608881294772], [92.93557070390573, 13.622843267020217], [92.94310954380063, 13.60042628605269], [92.94041923389295, 13.581169520740888], [92.94946641777545, 13.583303252991985], [92.96732009326936, 13.607421908873492], [92.95391456500663, 13.618862957645907], [92.93799765613056, 13.645732520209261], [92.93843335007016, 13.665854203754124], [92.94870020224056, 13.687009333717048], [92.9689761694132, 13.703025072944962], [93.00373565363228, 13.713649095197887], [93.02662897446957, 13.713831199669974], [93.04057075940437, 13.707196530673311], [93.05207003377443, 13.693723592786124], [93.08863860777473, 13.682972626091619], [93.10343039118199, 13.664886814069993], [93.1046066573591, 13.637798640704652], [93.0799168547037, 13.5989643392841], [93.09310560123748, 13.583335450496865], [93.09687233232697, 13.56422487571123], [93.09394274468046, 13.5490069765977], [93.08423733735638, 13.534161854731499], [93.08267141715946, 13.498422234595465], [93.07585972662365, 13.47101014575267], [93.10449937189958, 13.474585707398722], [93.1226510571448, 13.469298303065573], [93.13825576481233, 13.452960981588415], [93.14355889078846, 13.429870529439421], [93.13863180853966, 13.410944129129492], [93.11943957117437, 13.383437893706658], [93.12929432407543, 13.343736981380177], [93.12817031351851, 13.323902728930575], [93.11821653674026, 13.307659979128596], [93.11675930689616, 13.28908360837402], [93.09621656443473, 13.245066830045094], [93.09638231236538, 13.20866715624645], [93.07565827390476, 13.179711784946457], [93.0730467969301, 13.071428184740613], [93.06064275370012, 13.040933260130938], [93.04137227444669, 13.016264552835608], [93.04530822276358, 12.988100572843788], [93.02793121558231, 12.960824027536601], [93.01587949423, 12.91301310572791], [92.99859884405276, 12.896916030239757], [92.97009635208802, 12.894543671550043], [92.9675803565634, 12.890547182036482], [92.98570092254722, 12.85000440860937], [92.99323250516355, 12.814669760936843], [92.98805206253836, 12.783624176699895], [93.00595071948463, 12.754209824464063], [93.0200982971936, 12.70984577606225], [93.01531520068123, 12.691173417393893], [93.00234408064482, 12.67689962398019], [92.99784120650317, 12.627090901860495], [92.9975051327482, 12.59929478325342], [93.01551715753018, 12.542246077710299], [93.00680079316727, 12.508151183991023], [93.00730894788056, 12.488483730941104], [92.99295399091147, 12.44920918579801], [93.00007968476692, 12.412629002324355], [92.99483620210133, 12.398482270848373], [92.98275266452961, 12.385233216269583], [92.97984023276996, 12.368521430928924], [92.96357414635071, 12.335463187496046], [92.97211403349709, 12.321429059790933], [92.98220917731219, 12.27762355653778], [92.99026376200943, 12.298907314607435], [93.00774123608132, 12.314424194082447], [93.02282374229331, 12.319584913682952], [93.02778149582393, 12.33546437542834], [93.03818627468536, 12.347473349343867], [93.06135782797547, 12.358270345317148], [93.0814212106328, 12.356136223323354], [93.09736977977286, 12.34754120935962], [93.10940614436475, 12.332156069003474], [93.1128270464824, 12.316849140095774], [93.10948494194989, 12.300033069127842], [93.13157599426879, 12.290764768353046], [93.1440067259907, 12.27180016670185], [93.14048611657552, 12.200790742252561], [93.13571749653774, 12.18522403981053], [93.14883087958522, 12.17642462594827], [93.15740938397006, 12.163467862153587], [93.16349708964222, 12.144073571980222], [93.16189584133649, 12.128516145411366], [93.14603568419398, 12.104623981557188], [93.1300322629228, 12.09301879325995], [93.11579054640663, 12.06333190677529], [93.09106058007164, 12.047614490956322], [93.07052381391973, 12.014690552380863], [93.04944814124002, 12.005969863667744], [93.07277313253446, 11.96507961303853], [93.09186378074371, 11.914836066388645], [93.09313166468154, 11.892020298084832], [93.08852059574342, 11.877162969402104], [93.10078532625796, 11.866950399243661], [93.10793743085803, 11.853185308212945], [93.10925571292586, 11.821755465408689], [93.12482226872125, 11.796193281720738], [93.12215928333553, 11.771452067432728], [93.11559591328147, 11.757077167872685], [93.10397767151827, 11.746365864396461], [93.0891178429163, 11.740989893995868], [93.06859604242491, 11.741037009881826], [93.04860265879229, 11.753097633448819], [93.03868668650631, 11.774958873124573], [92.99613730718178, 11.79348416437559], [92.98000846861795, 11.80975191985816], [92.97306659530992, 11.849851862031915], [92.976146894232, 11.865396162841911], [92.9864039033336, 11.879754465553598], [92.98075477879009, 11.893274474468722], [92.96899114958347, 11.909013658065723], [92.9455607766895, 11.921108262530193], [92.93206570323962, 11.945344801968142], [92.90483012122905, 11.958637882647023], [92.88663158473639, 11.987977944455126], [92.89047763361586, 12.017484965584272], [92.90725845035405, 12.037275145918143], [92.92300525560222, 12.045365840869664], [92.92489650826771, 12.05464892163697], [92.91316533672557, 12.072692113867225], [92.90827041236885, 12.112177247550989], [92.91817175104823, 12.158904230035095], [92.90621432383568, 12.16621196183212], [92.89264833330233, 12.157100096665921], [92.87565702063561, 12.123380375435062], [92.85258512464557, 12.11065196522678], [92.84810870649795, 12.089319537307869], [92.8318494751016, 12.07284032457327], [92.82265987607781, 12.05421907673095], [92.81799724083368, 12.01651412165187], [92.80334945742518, 11.978899447068947], [92.82265028754317, 11.946484252698475], [92.82818411859637, 11.921078263256815], [92.82851347684648, 11.885072135427038], [92.82548952271719, 11.84747459297759], [92.81548539914539, 11.82628364041391], [92.80489151988587, 11.743525051672], [92.79501850520623, 11.712653944958575], [92.80472721896854, 11.691541714259225], [92.8055677346895, 11.675689164081506], [92.7925722524652, 11.630799528491508], [92.79235710315048, 11.602477458643069], [92.76626897302589, 11.526017546123207], [92.76547764501576, 11.504207857361509], [92.74627011459769, 11.457475747472392], [92.7255053866731, 11.44008919067467], [92.72238939467603, 11.415368811691783], [92.73232687347453, 11.397404318971361], [92.73142340831875, 11.371332891372077], [92.75330851049158, 11.35946750312978], [92.76409080430395, 11.334887843206657], [92.76182425514453, 11.305138453244911], [92.746362548215, 11.284585228115382], [92.74263615212486, 11.248084769532959], [92.71043880980804, 11.209170580427843], [92.72066830256881, 11.186711439454228], [92.75000764544515, 11.184380768741125], [92.7629083834816, 11.175036947911218], [92.77113973177708, 11.161399465195366], [92.77339632180993, 11.14563102104224], [92.7674092750263, 11.125149320255584], [92.7575332607729, 11.112482257406239], [92.74347056304268, 11.104721415228301], [92.7182232998833, 11.103220665021455], [92.70318095858661, 11.108210499036039], [92.68899820853399, 11.121935584489687], [92.68335301819529, 11.138388074858824], [92.65721960326601, 11.143286526418951], [92.63988857833914, 11.16361262395033], [92.63547296544621, 11.194549488305109], [92.64222555428188, 11.21246140133977], [92.65320297793392, 11.223219749496996], [92.64826204482733, 11.243916546510173], [92.65538422458928, 11.266644211551844], [92.65337639306121, 11.284126991927154], [92.6586673968587, 11.312855069039625], [92.63762951570132, 11.307191872796695], [92.58277167014613, 11.31087673452208], [92.56753924868026, 11.322115370471117], [92.5443780046872, 11.352996334658389], [92.52364855514831, 11.361904804428889], [92.51078279522643, 11.376335793888915], [92.50698034314473, 11.402873250965955], [92.51881019551989, 11.425200491476836], [92.53569449479403, 11.435152553096955], [92.57651674969117, 11.439440206738803], [92.5716004931049, 11.456629978830703], [92.57404548365936, 11.478509762425135], [92.55517165812131, 11.47809714231033], [92.54002411089735, 11.483985283574059], [92.51511416032582, 11.517695515186722], [92.49710627301987, 11.532426332099822], [92.49054700165082, 11.550679383419785], [92.4947397932431, 11.572844006426926], [92.49246429645339, 11.594992407272548]], [[92.99053214272034, 12.185551169982805], [93.01849804793937, 12.20446639157922], [93.02502057567064, 12.21816337317986], [93.02348076679648, 12.233980941496583], [92.99431112263039, 12.245902065852738], [92.98215850142572, 12.272906687529897], [92.96989775735766, 12.245332639206705], [92.98088798527311, 12.221397094424054], [92.97367592915911, 12.189508384730066], [92.99053214272034, 12.185551169982805]], [[92.70234089974262, 13.030993245298403], [92.73111511626789, 13.023105778210958], [92.75066866664724, 13.004926287735408], [92.74781847079124, 13.019486016788182], [92.75493814605788, 13.044597996137965], [92.75321475884762, 13.061063671885906], [92.72657697541555, 13.036997471732825], [92.70234089974262, 13.030993245298403]]], [[[93.01605119833289, 8.49958397711948], [93.03301806919832, 8.509602040717935], [93.05270926075126, 8.510304379989908], [93.06720532841152, 8.503964427334962], [93.08786638967266, 8.485380741420519], [93.09575336278458, 8.467217992203361], [93.09743889232415, 8.438877035637363], [93.09167311827328, 8.419782992212246], [93.08079222322192, 8.408028448116294], [93.06219939913828, 8.400808092354909], [93.03317909878372, 8.403241606139867], [93.01891766941924, 8.410849162898218], [93.00305881071297, 8.42783255574787], [92.99722771797452, 8.442369535964973], [92.99751530231529, 8.468035461856765], [93.01605119833289, 8.49958397711948]]], [[[92.73582670977694, 9.257106631274231], [92.74248982971498, 9.279003083395315], [92.75365634271219, 9.290168749114622], [92.77220758586587, 9.296695459813558], [92.78790550318524, 9.294981255827318], [92.80461090131719, 9.284604539181503], [92.85409668978552, 9.231958490561821], [92.87144321563797, 9.16898471393543], [92.86905917003936, 9.130890105985042], [92.85898054312291, 9.110712795369123], [92.83301909795975, 9.091011327171856], [92.80810415222662, 9.080090384848601], [92.78140285777994, 9.078720088935373], [92.75908680467761, 9.087374880484322], [92.71916126840895, 9.086082046770475], [92.6955577124756, 9.104448585427251], [92.67901500071306, 9.152351695787688], [92.68490457411629, 9.228383761181629], [92.70125685003194, 9.250691547800388], [92.7161217692402, 9.256688964125129], [92.73582670977694, 9.257106631274231]]], [[[92.56920302315254, 10.921105341344568], [92.56637119190052, 10.940249329976975], [92.57285771028376, 10.958482175291454], [92.59433931629216, 10.974563606829188], [92.62211943599661, 10.974041112452815], [92.62078941659298, 10.999736539333298], [92.63591656717618, 11.02128394325082], [92.65286491009148, 11.030520593852973], [92.66797043066492, 11.032705252573866], [92.6827946014585, 11.029072974252447], [92.69767087776073, 11.017233804871552], [92.70879966556329, 10.994525490574677], [92.70640722587548, 10.972039328826265], [92.6833506702837, 10.947769446442843], [92.6581038246722, 10.943339358912777], [92.65902518058797, 10.919356030185345], [92.64307067071675, 10.896922211812896], [92.62441405155468, 10.890103599481215], [92.59802346284863, 10.892749050025094], [92.5813906255731, 10.90278048862406], [92.56920302315254, 10.921105341344568]]], [[[92.34470740081827, 10.553969995087002], [92.37211335765029, 10.598825650734852], [92.37574146171713, 10.618635986663437], [92.37083308854208, 10.629668918350566], [92.35120939745045, 10.64305559551439], [92.3432825037484, 10.66042828412216], [92.33703827485003, 10.781753087034128], [92.34136943193494, 10.801112048235385], [92.36222567363342, 10.82403642002491], [92.38773200329872, 10.830978674175352], [92.39811893580722, 10.85081579933072], [92.41719025871667, 10.863148973395134], [92.42626245414846, 10.886987623544664], [92.46957818556155, 10.921876081573743], [92.51001068300495, 10.936603705692281], [92.53593388054479, 10.933448424655612], [92.59228679729203, 10.883958028520873], [92.60303257723677, 10.82833877610353], [92.62046859702002, 10.809674902417004], [92.6263947669624, 10.795070404253881], [92.6230475537614, 10.748887964926068], [92.63682563457638, 10.710660553563512], [92.63679718652038, 10.675865767282634], [92.63227450388894, 10.661377650315341], [92.6123310298773, 10.631795985579172], [92.59026473678946, 10.615400695060794], [92.60728983653426, 10.584910271381824], [92.60405617282599, 10.558392466836064], [92.57946997569135, 10.529721438145293], [92.565814765766, 10.498469001917194], [92.55497012264965, 10.486034514483084], [92.52296018172929, 10.47304466275063], [92.49470923349739, 10.471139760683323], [92.46299994662692, 10.48269557948113], [92.43290999945809, 10.50571769306699], [92.42004242956165, 10.49575285704015], [92.40508231913763, 10.491528209154279], [92.37751151186252, 10.492648320359692], [92.36288176484803, 10.49921154154165], [92.35009484876585, 10.514546324936724], [92.34227483731622, 10.538338407899163], [92.34470740081827, 10.553969995087002]]], [[[92.16812101452447, 11.543632556180318], [92.16826421973158, 11.59154261000928], [92.17377770963633, 11.606496778614547], [92.20086023112307, 11.63174512136284], [92.24957847869192, 11.631747008754267], [92.28847803872826, 11.620349999933662], [92.30322832226025, 11.60754343846177], [92.31015493842031, 11.589278694565971], [92.30882538357797, 11.56347418793208], [92.3145691242253, 11.533958441612718], [92.30630192351991, 11.506264800807788], [92.29408222562786, 11.491323141206783], [92.26701998761826, 11.47843826659922], [92.25110873259237, 11.479355179646818], [92.2342467822573, 11.488404759181005], [92.21671137776877, 11.486431686569404], [92.20113968625772, 11.490598139824614], [92.18424983807279, 11.50377402555414], [92.17669627511424, 11.516854297699012], [92.16812101452447, 11.543632556180318]]], [[[92.23916039204269, 11.020099147706244], [92.25550693039031, 11.010163866462918], [92.26405166283112, 10.997403569815106], [92.26437025894745, 10.967262453821427], [92.25459198427674, 10.949347094757947], [92.24297489862107, 10.939314686675498], [92.2284348680017, 10.93439600792488], [92.20942699144744, 10.936460655655667], [92.1911479187473, 10.94584098488345], [92.18073787074574, 10.957391574057343], [92.17551888212051, 10.97203900957994], [92.17741085847865, 10.991313349822434], [92.18537838435888, 11.004666392210087], [92.20276533942726, 11.018618751765178], [92.21727122033509, 11.022581405478684], [92.23916039204269, 11.020099147706244]]], [[[74.36319885277783, 14.042139281857436], [74.37024329372326, 14.027860502733974], [74.37115972834287, 14.011964974146402], [74.36580295462686, 13.996971220218654], [74.35502171212836, 13.985254885822647], [74.34052420571575, 13.978672333938565], [74.31826450743712, 13.977424768522043], [74.30358345110886, 13.983111594013444], [74.29223415611159, 13.994023372152146], [74.28533905037617, 14.012378507603698], [74.28680940257577, 14.029725679371793], [74.29277244916227, 14.044435146147103], [74.30398679704345, 14.055667453969038], [74.31868670272674, 14.061654031481218], [74.33455760783774, 14.061452268342242], [74.36319885277783, 14.042139281857436]]], [[[74.119723219905, 11.16880492956566], [74.07742252469008, 11.163222237270306], [74.03976785799847, 11.174532056154572], [73.96921220756784, 11.225548639217543], [73.9255884877556, 11.299458513923378], [73.924784912421, 11.337854942912067], [73.94605813750464, 11.37348928915443], [73.98638135628836, 11.39177430464756], [74.022748792451, 11.387086761720045], [74.08307357475972, 11.357227068092998], [74.11970248834807, 11.324554173535658], [74.14883030571674, 11.283944277687935], [74.16275536635425, 11.240297880055167], [74.15209827796188, 11.196337760051257], [74.119723219905, 11.16880492956566]]], [[[73.61914126794622, 10.809075025693796], [73.6228259791688, 10.831655386291214], [73.63828393343806, 10.848522556513641], [73.6527475902834, 10.853729715338682], [73.69753711163912, 10.85640666390387], [73.71579197742957, 10.853113779014553], [73.72808288541349, 10.844711224760228], [73.73906240628816, 10.830505292653568], [73.74387405003623, 10.811836240214872], [73.73939392255127, 10.793084869805337], [73.72975030281827, 10.780977774047125], [73.68150566117495, 10.760919130673166], [73.65338975684428, 10.762742159201697], [73.63895443612408, 10.769614809326384], [73.62653296843655, 10.785173408473398], [73.61914126794622, 10.809075025693796]]], [[[73.68354239679222, 10.039738930325344], [73.66651246630562, 10.019067073599125], [73.65192016791127, 10.01381908189806], [73.63642849928416, 10.014515352299432], [73.62236582519579, 10.021051236846136], [73.59490467303237, 10.045257669694951], [73.58278415507652, 10.065112056233978], [73.5800404705715, 10.103638866670073], [73.58392520605713, 10.119147455413831], [73.63088535358236, 10.182212414145761], [73.65105267701735, 10.193976754305313], [73.67059456528747, 10.19368595821029], [73.68766604594042, 10.184170995895762], [73.70495366668247, 10.14678955630789], [73.70527442697109, 10.130801781255359], [73.69347199915066, 10.099295975332781], [73.68354239679222, 10.039738930325344]]], [[[73.03405845062645, 8.364531720752309], [73.08521005210537, 8.367413797625384], [73.1007452176197, 8.36427611746156], [73.1164813436132, 8.35236279616475], [73.12510251344243, 8.330419319119699], [73.10199272343873, 8.259288612737517], [73.07218564173841, 8.22934860134332], [73.05020921637482, 8.220669179385894], [73.01495051041812, 8.224399208428581], [72.98896760897733, 8.236356312989987], [72.9758750499132, 8.250026668147566], [72.96696098231605, 8.276002372004806], [72.97183781293572, 8.313415239410288], [72.97944472725185, 8.327946026741456], [73.03405845062645, 8.364531720752309]]], [[[73.03525866360825, 11.43644650272187], [73.01775870883662, 11.427875250862355], [72.99828553267183, 11.4285895235716], [72.98146054306055, 11.438419808411235], [72.96529102703339, 11.45856326187036], [72.95780102664487, 11.4984296208536], [72.9665472825393, 11.518287104217066], [72.9804941754763, 11.531970668779229], [72.9953269583141, 11.537080420262377], [73.01474234191451, 11.5348898401174], [73.04546941158596, 11.507984717174109], [73.05268438813243, 11.465235740464923], [73.03525866360825, 11.43644650272187]]], [[[72.72309605745873, 11.173387823666422], [72.74229147149433, 11.254930426276553], [72.75948898029984, 11.28345756236466], [72.77133789023837, 11.29378913524805], [72.7862530009183, 11.298756784428711], [72.80193050509438, 11.297593200402904], [72.81594883523805, 11.290478111860985], [72.82789213344229, 11.274964274986344], [72.83118531233829, 11.25959244888353], [72.81428132724109, 11.197063760064374], [72.79448214255913, 11.156873648735818], [72.77443756533229, 11.142632987029868], [72.77242396418522, 11.117154839542918], [72.76605379747488, 11.101923882405128], [72.74362235109055, 11.077937599539338], [72.7217319282797, 11.071532609084821], [72.6939094818111, 11.082967547552306], [72.68167288270355, 11.098554070906054], [72.67692463516663, 11.11838954193605], [72.68689956424403, 11.150057293764288], [72.72309605745873, 11.173387823666422]]], [[[72.75890357698812, 11.69425978124309], [72.75502489199084, 11.678021141719444], [72.74095745453705, 11.655027277330296], [72.71787287751584, 11.640201086358022], [72.69808618343386, 11.640778532177306], [72.6786081482259, 11.65022980749932], [72.66724529774957, 11.66150167188667], [72.66121112667336, 11.676325911399614], [72.66253830682047, 11.696212067915416], [72.67551906999076, 11.723751083098872], [72.68767105832715, 11.734803703728103], [72.70847951491818, 11.742488440791018], [72.72836956577976, 11.74194232448523], [72.7455356449115, 11.731880610240731], [72.75440148406409, 11.718587156615778], [72.75890357698812, 11.69425978124309]]], [[[72.62359167483729, 10.619347778866448], [72.64302953057542, 10.621998536760325], [72.66138999366751, 10.615088388559887], [72.68644613179639, 10.591579394820606], [72.6925819959253, 10.568647319259567], [72.68789969729582, 10.54525590407031], [72.67659172939601, 10.530542281523449], [72.63619675743416, 10.503654127395848], [72.61293484926959, 10.499247622597093], [72.59779399188561, 10.50415663986662], [72.58348441723041, 10.517871938103932], [72.575635596341, 10.557460407004042], [72.60168234788559, 10.603743016748279], [72.62359167483729, 10.619347778866448]]], [[[72.57765036406285, 10.782102703899197], [72.57342466023798, 10.763574946462876], [72.56412016886631, 10.75148534755142], [72.53299673808168, 10.739879416784257], [72.50448033608826, 10.749897447469008], [72.49111368378401, 10.777006094200779], [72.50052868952476, 10.805727232554828], [72.53366754586216, 10.82293662184572], [72.55265377679085, 10.820044557974285], [72.56548679667442, 10.81149774430666], [72.57413368782413, 10.798731942465565], [72.57765036406285, 10.782102703899197]]], [[[72.27776389820933, 9.9734302949426], [72.23769091987782, 9.966900663166903], [72.22262335724018, 9.972790459279672], [72.20507615099989, 9.989255027705143], [72.19586224866573, 10.014646012014424], [72.20518548499943, 10.065462746501229], [72.24703530588648, 10.120304402884448], [72.30343892242496, 10.16933108558219], [72.32078705175462, 10.178078769596745], [72.3402104793593, 10.177620482630932], [72.35415254717533, 10.170623169048493], [72.36612717995024, 10.15532324301066], [72.38107664384152, 10.110365663511585], [72.37990737576021, 10.088277091681837], [72.37030183179864, 10.061351683285404], [72.33447388167941, 10.00615405543567], [72.27776389820933, 9.9734302949426]]], [[[72.25013537223401, 10.95943767732488], [72.25850568631859, 10.972862151773281], [72.27142593584603, 10.981991545194475], [72.30021277536194, 10.984431787100531], [72.33448600891434, 10.997915571686846], [72.34981324795618, 10.994987053930913], [72.36285367027862, 10.986416881322125], [72.37296614782906, 10.971916908067358], [72.37614487625864, 10.956696271134827], [72.37111480244144, 10.935003664963357], [72.35616416834402, 10.91708772958529], [72.32652262913118, 10.90334727672905], [72.28650716792895, 10.894471312337169], [72.26777379290746, 10.898775080584242], [72.25112149414974, 10.914590569205377], [72.24585842976873, 10.933077372989196], [72.25013537223401, 10.95943767732488]]], [[[72.19947413558462, 10.781665551967484], [72.17476453831348, 10.769018118614586], [72.1475227123325, 10.77471771574319], [72.127455488718, 10.792719121787172], [72.12281098807134, 10.815478938336668], [72.12927326500969, 10.83381718562948], [72.14373163168865, 10.849504384920136], [72.16414531158196, 10.895700107700915], [72.18805617738167, 10.913288918127726], [72.21053770619905, 10.91762211389322], [72.23722269535668, 10.903496801543907], [72.24643208470681, 10.874742667178467], [72.24053105969818, 10.84876101888406], [72.19947413558462, 10.781665551967484]]], [[[72.21402031218868, 11.460448113272784], [72.19182481821981, 11.453487052179664], [72.14335261781176, 11.457498574254453], [72.11828843389993, 11.47515103065786], [72.1005086485889, 11.511991615307453], [72.09739670459206, 11.543703066522271], [72.10075748366339, 11.569834622512733], [72.12079536226145, 11.605224181501221], [72.14641507106619, 11.635365869462605], [72.16310741628183, 11.645130932021123], [72.18242999834926, 11.645923811468203], [72.21295563159443, 11.63307124878006], [72.22390041036701, 11.622036071723674], [72.23373258999872, 11.599543102800338], [72.23049399442166, 11.551462954571393], [72.23648896209221, 11.492411421487327], [72.23066675003346, 11.477493410479939], [72.21402031218868, 11.460448113272784]]], [[[72.14205237373206, 11.210399411574173], [72.11293466228896, 11.11332955142553], [72.0874267221022, 11.089648460482525], [72.05705404279026, 11.081457204658516], [72.03768025592754, 11.08512342740981], [72.01402658121408, 11.10073022833524], [71.96727432919066, 11.172345917896868], [71.96105727232442, 11.190932957614546], [71.96620637287648, 11.213772862908094], [71.98325689874981, 11.229818238495993], [71.99846521533051, 11.23386425696692], [72.03018845095981, 11.228069767610474], [72.05378298942705, 11.231376995946587], [72.07555303637412, 11.253619817880852], [72.09723436911366, 11.261962751702917], [72.11639013847707, 11.258618735620757], [72.12914436089184, 11.249613556619032], [72.1374796752301, 11.236411815327035], [72.14205237373206, 11.210399411574173]]], [[[71.93044964861457, 12.258347370527993], [71.90713957703308, 12.245806935459013], [71.8793299716295, 12.24947922857257], [71.86033040956595, 12.263200526341496], [71.85044414322742, 12.285809685460379], [71.85041142703754, 12.310206668313802], [71.84305733470848, 12.334633158446392], [71.84045844618976, 12.397937899483805], [71.85390215567104, 12.425598007453571], [71.88883777173146, 12.442375694822728], [71.9115515205793, 12.440283227948457], [71.94525949775478, 12.41915967673361], [71.95522041951376, 12.407526010070017], [71.96579271197989, 12.381996750659884], [71.95882915186426, 12.307452530475857], [71.93044964861457, 12.258347370527993]]], [[[71.86981974478317, 11.90123946871973], [71.88517729993586, 11.824335021454086], [71.88210836951004, 11.808696419931241], [71.87317714238065, 11.795497277022998], [71.85495657648897, 11.784316902216071], [71.84027689451717, 11.781456393837622], [71.76774202247864, 11.797747196225817], [71.75169389345032, 11.810443207011668], [71.72493445148685, 11.855072894427417], [71.7146398034066, 11.907315509268491], [71.70295243455871, 11.920447558930807], [71.69235100977397, 11.946133644010542], [71.69465632322814, 11.970062001858267], [71.74896364092625, 12.035211451233561], [71.76799874393286, 12.043147754690313], [71.79752075372566, 12.041439603855403], [71.81311676703778, 12.031160755469362], [71.83050114043348, 12.004672639527731], [71.8459864607635, 11.954225982602184], [71.86981974478317, 11.90123946871973]]], [[[72.6, 20.6], [72.6, 18.5], [70.5, 18.5], [70.5, 20.6], [72.6, 20.6]]]]}}